﻿<?xml version="1.0" encoding="UTF-8" ?>
<Mascot xmlns="http://www.group-finity.com/Mascot" xmlns:xsi="http://www.w3.org/2001/XMLSchema-instance"
	xsi:schemaLocation="http://www.group-finity.com/Mascot Mascot.xsd">

	<ActionList>
		<Action Name="Look" Type="Embedded" Class="com.group_finity.mascot.action.Look" />
		<Action Name="Offset" Type="Embedded" Class="com.group_finity.mascot.action.Offset" />

		<!-- Standing -->

		<Action Name="Stand" Type="Stay" BorderType="Floor">
			<Animation>
				<Pose Image="/cstand1.png" ImageAnchor="128,256" Velocity="0,0" Duration="4" />
				<Pose Image="/cstand1.png" ImageAnchor="128,256" Velocity="0,0" Duration="2" />
				<Pose Image="/cstand2.png" ImageAnchor="128,256" Velocity="0,0" Duration="3" />
				<Pose Image="/cstand3.png" ImageAnchor="128,256" Velocity="0,0" Duration="4" />
				<Pose Image="/cstand2.png" ImageAnchor="128,256" Velocity="0,0" Duration="3" />
				<Pose Image="/cstand1.png" ImageAnchor="128,256" Velocity="0,0" Duration="2" />
			</Animation>
		</Action>

		<Action Name="Dance 1" Type="Stay" BorderType="Floor">
			<Animation>
				<Pose Image="/panic1.png" ImageAnchor="128,256" Velocity="0,0" Duration="2" />
				<Pose Image="/panic2.png" ImageAnchor="128,256" Velocity="0,0" Duration="2" />
				<Pose Image="/panic3.png" ImageAnchor="128,256" Velocity="0,0" Duration="2" />
				<Pose Image="/panic2.png" ImageAnchor="128,256" Velocity="0,0" Duration="2" />
				<Pose Image="/panic1.png" ImageAnchor="128,256" Velocity="0,0" Duration="2" />
			</Animation>
		</Action>

		<Action Name="Dance 2" Type="Stay" BorderType="Floor">
			<Animation>
				<Pose Image="/panic4.png" ImageAnchor="128,256" Velocity="0,0" Duration="2" />
				<Pose Image="/panic5.png" ImageAnchor="128,256" Velocity="0,0" Duration="2" />
				<Pose Image="/panic6.png" ImageAnchor="128,256" Velocity="0,0" Duration="2" />
				<Pose Image="/panic5.png" ImageAnchor="128,256" Velocity="0,0" Duration="2" />
				<Pose Image="/panic4.png" ImageAnchor="128,256" Velocity="0,0" Duration="2" />
			</Animation>
		</Action>

		<Action Name="Dance 3" Type="Stay" BorderType="Floor">
			<Animation>
				<Pose Image="/kwig1.png" ImageAnchor="128,256" Velocity="0,0" Duration="2" />
				<Pose Image="/kwig2.png" ImageAnchor="128,256" Velocity="0,0" Duration="2" />
				<Pose Image="/kwig3.png" ImageAnchor="128,256" Velocity="0,0" Duration="2" />
				<Pose Image="/kwig2.png" ImageAnchor="128,256" Velocity="0,0" Duration="2" />
				<Pose Image="/kwig1.png" ImageAnchor="128,256" Velocity="0,0" Duration="2" />
			</Animation>
		</Action>

		<Action Name="Dance 4" Type="Stay" BorderType="Floor">
			<Animation>
				<Pose Image="/kwig4.png" ImageAnchor="128,256" Velocity="0,0" Duration="2" />
				<Pose Image="/kwig5.png" ImageAnchor="128,256" Velocity="0,0" Duration="2" />
				<Pose Image="/kwig6.png" ImageAnchor="128,256" Velocity="0,0" Duration="2" />
				<Pose Image="/kwig5.png" ImageAnchor="128,256" Velocity="0,0" Duration="2" />
				<Pose Image="/kwig4.png" ImageAnchor="128,256" Velocity="0,0" Duration="2" />
			</Animation>
		</Action>

		<Action Name="Dance 5" Type="Stay" BorderType="Floor">
			<Animation>
				<Pose Image="/kwig7.png" ImageAnchor="128,256" Velocity="0,0" Duration="2" />
				<Pose Image="/kwig8.png" ImageAnchor="128,256" Velocity="0,0" Duration="2" />
				<Pose Image="/kwig9.png" ImageAnchor="128,256" Velocity="0,0" Duration="2" />
				<Pose Image="/kwig8.png" ImageAnchor="128,256" Velocity="0,0" Duration="2" />
				<Pose Image="/kwig7.png" ImageAnchor="128,256" Velocity="0,0" Duration="2" />
			</Animation>
		</Action>

		<Action Name="Dance 6" Type="Stay" BorderType="Floor">
			<Animation>
				<Pose Image="/kwig10.png" ImageAnchor="128,256" Velocity="0,0" Duration="2" />
				<Pose Image="/kwig11.png" ImageAnchor="128,256" Velocity="0,0" Duration="2" />
				<Pose Image="/kwig12.png" ImageAnchor="128,256" Velocity="0,0" Duration="2" />
				<Pose Image="/kwig11.png" ImageAnchor="128,256" Velocity="0,0" Duration="2" />
				<Pose Image="/kwig10.png" ImageAnchor="128,256" Velocity="0,0" Duration="2" />
			</Animation>
		</Action>

		<Action Name="Fire1" Type="Animate" BorderType="Floor">
			<Animation>
				<Pose Image="/kfire1.png" ImageAnchor="128,256" Velocity="0,0" Duration="2" />
				<Pose Image="/kfire2.png" ImageAnchor="128,256" Velocity="0,0" Duration="2" />
				<Pose Image="/kfire3.png" ImageAnchor="128,256" Velocity="0,0" Duration="2" />
				<Pose Image="/kfire4.png" ImageAnchor="128,256" Velocity="0,0" Duration="2" />
				<Pose Image="/kfire5.png" ImageAnchor="128,256" Velocity="0,0" Duration="2" />
				<Pose Image="/kfire6.png" ImageAnchor="128,256" Velocity="0,0" Duration="2" />
			</Animation>
		</Action>

		<Action Name="Fire2" Type="Stay" BorderType="Floor">
			<Animation>
				<Pose Image="/kfire7.png" ImageAnchor="128,256" Velocity="0,0" Duration="2" />
				<Pose Image="/kfire8.png" ImageAnchor="128,256" Velocity="0,0" Duration="2" />
				<Pose Image="/kfire9.png" ImageAnchor="128,256" Velocity="0,0" Duration="2" />
				<Pose Image="/kfire8.png" ImageAnchor="128,256" Velocity="0,0" Duration="2" />
				<Pose Image="/kfire7.png" ImageAnchor="128,256" Velocity="0,0" Duration="2" />
				<Pose Image="/kfire9.png" ImageAnchor="128,256" Velocity="0,0" Duration="2" />
			</Animation>
		</Action>

		<Action Name="KFP1" Type="Animate" BorderType="Floor">
			<Animation>
				<Pose Image="/kegg1.png" ImageAnchor="128,256" Velocity="0,0" Duration="3" />
				<Pose Image="/kegg2.png" ImageAnchor="128,256" Velocity="0,0" Duration="3" />
				<Pose Image="/kegg3.png" ImageAnchor="128,256" Velocity="0,0" Duration="3" />
				<Pose Image="/kegg4.png" ImageAnchor="128,256" Velocity="0,0" Duration="3" />
				<Pose Image="/kegg5.png" ImageAnchor="128,256" Velocity="0,0" Duration="3" />
				<Pose Image="/kegg6.png" ImageAnchor="128,256" Velocity="0,0" Duration="3" />
				<Pose Image="/kegg7.png" ImageAnchor="128,256" Velocity="0,0" Duration="3" />
				<Pose Image="/kegg8.png" ImageAnchor="128,256" Velocity="0,0" Duration="3" />
				<Pose Image="/kegg9.png" ImageAnchor="128,256" Velocity="0,0" Duration="3" />
				<Pose Image="/kegg10.png" ImageAnchor="128,256" Velocity="0,0" Duration="3" />
				<Pose Image="/kegg11.png" ImageAnchor="128,256" Velocity="0,0" Duration="3" />
				<Pose Image="/kegg12.png" ImageAnchor="128,256" Velocity="0,0" Duration="3" />
			</Animation>
		</Action>

		<Action Name="KFP2" Type="Stay" BorderType="Floor">
			<Animation>
				<Pose Image="/kegg13.png" ImageAnchor="128,256" Velocity="0,0" Duration="4" />
				<Pose Image="/kegg13.png" ImageAnchor="128,256" Velocity="0,0" Duration="2" />
				<Pose Image="/kegg14.png" ImageAnchor="128,256" Velocity="0,0" Duration="3" />
				<Pose Image="/kegg15.png" ImageAnchor="128,256" Velocity="0,0" Duration="4" />
				<Pose Image="/kegg14.png" ImageAnchor="128,256" Velocity="0,0" Duration="3" />
				<Pose Image="/kegg13.png" ImageAnchor="128,256" Velocity="0,0" Duration="2" />
			</Animation>
		</Action>

		<Action Name="Fire3" Type="Animate" BorderType="Floor">
			<Animation>
				<Pose Image="/kfire10.png" ImageAnchor="128,256" Velocity="0,0" Duration="2" />
				<Pose Image="/kfire11.png" ImageAnchor="128,256" Velocity="0,0" Duration="2" />
				<Pose Image="/kfire12.png" ImageAnchor="128,256" Velocity="0,0" Duration="2" />
				<Pose Image="/kfire13.png" ImageAnchor="128,256" Velocity="0,0" Duration="2" />
				<Pose Image="/kfire14.png" ImageAnchor="128,256" Velocity="0,0" Duration="2" />
				<Pose Image="/kfire15.png" ImageAnchor="128,256" Velocity="0,0" Duration="2" />
				<Pose Image="/kfire16.png" ImageAnchor="128,256" Velocity="0,0" Duration="50" />
			</Animation>
		</Action>

		<Action Name="Walk" Type="Move" BorderType="Floor">
			<Animation>
				<Pose Image="/cwalk1.png" ImageAnchor="128,256" Velocity="0,0" Duration="3" />
				<Pose Image="/cwalk1.png" ImageAnchor="128,256" Velocity="-2,0" Duration="1" />
				<Pose Image="/cwalk2.png" ImageAnchor="128,256" Velocity="-2,0" Duration="2" />
				<Pose Image="/cwalk3.png" ImageAnchor="128,256" Velocity="-2,0" Duration="3" />
				<Pose Image="/cwalk3.png" ImageAnchor="128,256" Velocity="-1,0" Duration="3" />
			    <Pose Image="/cwalk2.png" ImageAnchor="128,256" Velocity="-2,0" Duration="2" />
				<Pose Image="/cwalk1.png" ImageAnchor="128,256" Velocity="-2,0" Duration="1" />
			</Animation>
		</Action>

		<Action Name="Run" Type="Move" BorderType="Floor">
			<Animation>
				<Pose Image="/cwalk1.png" ImageAnchor="128,256" Velocity="-2,0" Duration="2" />
				<Pose Image="/cwalk1.png" ImageAnchor="128,256" Velocity="-4,0" Duration="1" />
				<Pose Image="/cwalk2.png" ImageAnchor="128,256" Velocity="-4,0" Duration="2" />
				<Pose Image="/cwalk3.png" ImageAnchor="128,256" Velocity="-4,0" Duration="3" />
			    <Pose Image="/cwalk2.png" ImageAnchor="128,256" Velocity="-4,0" Duration="2" />
			    <Pose Image="/cwalk1.png" ImageAnchor="128,256" Velocity="-4,0" Duration="1" />
			</Animation>
		</Action>



		<Action Name="Dash" Type="Move" BorderType="Floor">
			<Animation>
				<Pose Image="/cfall1.png" ImageAnchor="128,256" Velocity="-4,0" Duration="2" />
				<Pose Image="/cfall1.png" ImageAnchor="128,256" Velocity="-8,0" Duration="1" />
				<Pose Image="/cfall2.png" ImageAnchor="128,256" Velocity="-8,0" Duration="2" />
				<Pose Image="/cfall3.png" ImageAnchor="128,256" Velocity="-8,0" Duration="3" />
			    <Pose Image="/cfall2.png" ImageAnchor="128,256" Velocity="-8,0" Duration="2" />
				<Pose Image="/cfall1.png" ImageAnchor="128,256" Velocity="-8,0" Duration="1" />
			</Animation>
		</Action>

		<!-- Sitting -->

		<Action Name="Sit" Type="Stay" BorderType="Floor">
			<Animation>
				<Pose Image="/stand.png" ImageAnchor="128,256" Velocity="0,0" Duration="250" />
			</Animation>
		</Action>
		<Action Name="SitAndLookUp" Type="Stay" BorderType="Floor">
			<Animation>
				<Pose Image="/stand.png" ImageAnchor="128,256" Velocity="0,0" Duration="250" />
			</Animation>
		</Action>

		<Action Name="SitAndLookAtMouse" Type="Stay" BorderType="Floor">
			<Animation Condition="#{mascot.environment.cursor.y &lt; mascot.environment.screen.height/2}">
				<Pose Image="/stand.png" ImageAnchor="64,128" Velocity="0,0" Duration="250" />
			</Animation>
			<Animation>
				<Pose Image="/stand.png" ImageAnchor="64,128" Velocity="0,0" Duration="250" />
			</Animation>
		</Action>

		<Action Name="HappyJumpAction" Type="Stay" BorderType="Floor">
			<Animation>
				<Pose Image="/jump_2.png" ImageAnchor="128,256" Velocity="0,0" Duration="1" />
				<Pose Image="/jump_3.png" ImageAnchor="128,256" Velocity="0,0" Duration="3" />
				<Pose Image="/jump_2.png" ImageAnchor="128,256" Velocity="0,0" Duration="1" />
				<Pose Image="/jump_1.png" ImageAnchor="128,256" Velocity="0,0" Duration="3" />
				<Pose Image="/jump_2.png" ImageAnchor="128,256" Velocity="0,0" Duration="1" />
				<Pose Image="/jump_3.png" ImageAnchor="128,256" Velocity="0,0" Duration="3" />
				<Pose Image="/jump_2.png" ImageAnchor="128,256" Velocity="0,0" Duration="1" />
				<Pose Image="/jump_1.png" ImageAnchor="128,256" Velocity="0,0" Duration="3" />
			</Animation>
		</Action>

		<Action Name="SitWithLegsUp" Type="Stay" BorderType="Floor">
			<Animation>
				<Pose Image="/stand.png" ImageAnchor="64,112" Velocity="0,0" Duration="250" />
			</Animation>
		</Action>

		<Action Name="SitWithLegsDown" Type="Stay" BorderType="Floor">
			<Animation>
				<Pose Image="/snug.png" ImageAnchor="64,112" Velocity="0,0" Duration="250" />
			</Animation>
		</Action>

		<Action Name="SitAndDangleLegs" Type="Stay" BorderType="Floor">
			<Animation>
				<Pose Image="/snug.png" ImageAnchor="64,112" Velocity="0,0" Duration="40" />
			</Animation>
		</Action>

		<!-- Laying -->

		<Action Name="Sprawl" Type="Stay" BorderType="Floor">
			<Animation>
				<Pose Image="/stand.png" ImageAnchor="64,128" Velocity="0,0" Duration="250" />
			</Animation>
		</Action>

		<Action Name="Creep" Type="Move" BorderType="Floor">
			<Animation>
				<Pose Image="/stand.png" ImageAnchor="64,128" Velocity="0,0" Duration="28" />
				<Pose Image="/stand.png" ImageAnchor="64,128" Velocity="-2,0" Duration="4" />
				<Pose Image="/stand.png" ImageAnchor="64,128" Velocity="-2,0" Duration="4" />
				<Pose Image="/stand.png" ImageAnchor="64,128" Velocity="-1,0" Duration="4" />
				<Pose Image="/stand.png" ImageAnchor="64,128" Velocity="0,0" Duration="24" />
			</Animation>
		</Action>

		<!-- Ceiling -->

		<Action Name="GrabCeiling" Type="Stay" BorderType="Ceiling">
			<Animation>
				<Pose Image="/climb_top.png" ImageAnchor="64,48" Velocity="0,0" Duration="250" />
			</Animation>
		</Action>
		
		<Action Name="ClimbCeiling" Type="Move" BorderType="Ceiling">
			<Animation>
				<Pose Image="/climb_top.png" ImageAnchor="64,48" Velocity="0,0" Duration="16" />
				<Pose Image="/climb_top.png" ImageAnchor="64,48" Velocity="-1,0" Duration="12" />
				<Pose Image="/climb_top.png" ImageAnchor="64,48" Velocity="0,0" Duration="16" />
				<Pose Image="/climb_top.png" ImageAnchor="64,48" Velocity="-2,0" Duration="12" />
			</Animation>
		</Action>

		<!-- Wall -->

		<Action Name="GrabWall" Type="Stay" BorderType="Wall">
			<Animation>
				<Pose Image="/climb.png" ImageAnchor="64,128" Velocity="0,0" Duration="250" />
			</Animation>
		</Action>
		<Action Name="ClimbWall" Type="Move" BorderType="Wall">
			<Animation Condition="#{TargetY &lt; mascot.anchor.y}">
				<Pose Image="/climb.png" ImageAnchor="64,128" Velocity="0,0" Duration="16" />
				<Pose Image="/climb.png" ImageAnchor="64,128" Velocity="0,-1" Duration="12" />
				<Pose Image="/climb.png" ImageAnchor="64,128" Velocity="0,0" Duration="16" />
				<Pose Image="/climb.png" ImageAnchor="64,128" Velocity="0,-2" Duration="12" />
			</Animation>

			<Animation Condition="#{TargetY &gt;= mascot.anchor.y}">
				<Pose Image="/climb.png" ImageAnchor="64,128" Velocity="0,0" Duration="16" />
				<Pose Image="/climb.png" ImageAnchor="64,128" Velocity="0,2" Duration="12" />
				<Pose Image="/climb.png" ImageAnchor="64,128" Velocity="0,0" Duration="16" />
				<Pose Image="/climb.png" ImageAnchor="64,128" Velocity="0,1" Duration="12" />
			</Animation>
		</Action>

		<!-- IE -->

		<Action Name="FallWithIe" Type="Embedded" Class="com.group_finity.mascot.action.FallWithIE"
			 IeOffsetX="0" IeOffsetY="-64">
			<Animation>
				<Pose Image="/stand.png" ImageAnchor="64,128" Velocity="0,0" Duration="250" />
			</Animation>
		</Action>
		<Action Name="WalkWithIe" BorderType="Floor" Type="Embedded" Class="com.group_finity.mascot.action.WalkWithIE"
			 IeOffsetX="0" IeOffsetY="-64">
			<Animation>
				<Pose Image="/stand.png" ImageAnchor="64,128" Velocity="-2,0" Duration="6" />
				<Pose Image="/stand_walk1.png" ImageAnchor="64,128" Velocity="-2,0" Duration="6" />
				<Pose Image="/stand_walk2.png" ImageAnchor="64,128" Velocity="-2,0" Duration="6" />
				<Pose Image="/stand_walk1.png" ImageAnchor="64,128" Velocity="-2,0" Duration="6" />
			</Animation>
		</Action>
		<Action Name="RunWithIe" BorderType="Floor" Type="Embedded" Class="com.group_finity.mascot.action.WalkWithIE"
			 IeOffsetX="0" IeOffsetY="-64">
			<Animation>
				<Pose Image="/stand.png" ImageAnchor="64,128" Velocity="-8,0" Duration="2" />
				<Pose Image="/stand_walk1.png" ImageAnchor="64,128" Velocity="-8,0" Duration="2" />
				<Pose Image="/stand_walk2.png" ImageAnchor="64,128" Velocity="-8,0" Duration="2" />
				<Pose Image="/stand_walk1.png" ImageAnchor="64,128" Velocity="-8,0" Duration="2" />
			</Animation>
		</Action>
		<Action Name="ThrowIe" BorderType="Floor" Type="Embedded" Class="com.group_finity.mascot.action.ThrowIE"
			InitialVX="32" InitialVY="-10" Gravity="0.5">
			<Animation>
				<Pose Image="/jump_1.png" ImageAnchor="64,128" Velocity="0,0" Duration="40" />
			</Animation>
		</Action>

		<!-- Falling -->

		<Action Name="Jumping" Type="Embedded" Class="com.group_finity.mascot.action.Jump"
			VelocityParam="20">
			<Animation>
				<Pose Image="/panic1.png" ImageAnchor="128,256" Velocity="0,0" Duration="1" />
				<Pose Image="/panic2.png" ImageAnchor="128,256" Velocity="0,0" Duration="1" />
				<Pose Image="/panic3.png" ImageAnchor="128,256" Velocity="0,0" Duration="1" />
			</Animation>
		</Action>

		<Action Name="Falling" Type="Embedded" Class="com.group_finity.mascot.action.Fall"
			RegistanceX="0.05" RegistanceY="0.1" Gravity="2">
			<Animation>
				<Pose Image="/cfall1.png" ImageAnchor="128,256" Velocity="0,0" Duration="5" />
			    <Pose Image="/cfall1.png" ImageAnchor="128,256" Velocity="0,0" Duration="2" />
			    <Pose Image="/cfall2.png" ImageAnchor="128,256" Velocity="0,0" Duration="2" />
		        <Pose Image="/cfall3.png" ImageAnchor="128,256" Velocity="0,0" Duration="2" />
		        <Pose Image="/cfall4.png" ImageAnchor="128,256" Velocity="0,0" Duration="2" />
			    <Pose Image="/cfall3.png" ImageAnchor="128,256" Velocity="0,0" Duration="2" />
				<Pose Image="/cfall2.png" ImageAnchor="128,256" Velocity="0,0" Duration="2" />
				<Pose Image="/cfall1.png" ImageAnchor="128,256" Velocity="0,0" Duration="2" />
			</Animation>
		</Action>

		<Action Name="Bouncing" Type="Animate" BorderType="Floor">
			<Animation>
				<Pose Image="/cstand1.png" ImageAnchor="128,256" Velocity="0,0" Duration="4" />
			</Animation>
		</Action>

		<Action Name="Tripping" Type="Animate" BorderType="Floor">
			<Animation>
				<Pose Image="/cstand1.png" ImageAnchor="128,256" Velocity="0,0" Duration="4" />
			</Animation>
		</Action>


		<!-- Dragging -->

		<Action Name="Pinched" Type="Embedded" Class="com.group_finity.mascot.action.Dragged">
			<Animation Condition="#{FootX &lt; mascot.environment.cursor.x-50}">
				<Pose Image="/swing1.png" ImageAnchor="128,256" Velocity="0,0" Duration="5" />
			</Animation>
			<Animation Condition="#{FootX &lt; mascot.environment.cursor.x-30}">
				<Pose Image="/swing2.png" ImageAnchor="128,256" Velocity="0,0" Duration="5" />
			</Animation>
			<Animation Condition="#{FootX &lt; mascot.environment.cursor.x}">
				<Pose Image="/swing3.png" ImageAnchor="128,256" Velocity="0,0" Duration="5" />
			</Animation>
			<Animation Condition="#{FootX &gt; mascot.environment.cursor.x-10 &amp;&amp; FootX &lt; mascot.environment.cursor.x+10}">
				<Pose Image="/swing4.png" ImageAnchor="128,256" Velocity="0,0" Duration="5" />
			</Animation>
			<Animation Condition="#{FootX &lt; mascot.environment.cursor.x+30}">
				<Pose Image="/swing5.png" ImageAnchor="128,256" Velocity="0,0" Duration="5"/>
			</Animation>
			<Animation Condition="#{FootX &lt; mascot.environment.cursor.x+50}">
				<Pose Image="/swing6.png" ImageAnchor="128,256" Velocity="0,0" Duration="5" />
			</Animation>
			<Animation Condition="#{FootX &gt;= mascot.environment.cursor.x+30}">
				<Pose Image="/swing7.png" ImageAnchor="128,256" Velocity="0,0" Duration="5" />
			</Animation>
		</Action>
		<Action Name="Resisting" Type="Embedded" Class="com.group_finity.mascot.action.Regist">
			<Animation>
				<Pose Image="/air_swing_l.png" ImageAnchor="64,128" Velocity="0,0" Duration="5" />
				<Pose Image="/air_swing_r.png" ImageAnchor="64,128" Velocity="0,0" Duration="5" />
				<Pose Image="/air_swing_l.png" ImageAnchor="64,128" Velocity="0,0" Duration="5" />
				<Pose Image="/air_swing_r.png" ImageAnchor="64,128" Velocity="0,0" Duration="5" />
				<Pose Image="/stand.png" ImageAnchor="64,128" Velocity="0,0" Duration="50" />
				<Pose Image="/air_swing_l.png" ImageAnchor="64,128" Velocity="0,0" Duration="5" />
				<Pose Image="/air_swing_r.png" ImageAnchor="64,128" Velocity="0,0" Duration="5" />
				<Pose Image="/air_swing_l.png" ImageAnchor="64,128" Velocity="0,0" Duration="5" />
				<Pose Image="/air_swing_r.png" ImageAnchor="64,128" Velocity="0,0" Duration="5" />
				<Pose Image="/air_swing_l.png" ImageAnchor="64,128" Velocity="0,0" Duration="5" />
				<Pose Image="/air_swing_r.png" ImageAnchor="64,128" Velocity="0,0" Duration="5" />
				<Pose Image="/air_swing_l.png" ImageAnchor="64,128" Velocity="0,0" Duration="5" />
				<Pose Image="/air_swing_r.png" ImageAnchor="64,128" Velocity="0,0" Duration="5" />
				<Pose Image="/stand.png" ImageAnchor="64,128" Velocity="0,0" Duration="100" />
				<Pose Image="/air_swing_l.png" ImageAnchor="64,128" Velocity="0,0" Duration="5" />
				<Pose Image="/air_swing_r.png" ImageAnchor="64,128" Velocity="0,0" Duration="5" />
				<Pose Image="/air_swing_l.png" ImageAnchor="64,128" Velocity="0,0" Duration="5" />
				<Pose Image="/air_swing_r.png" ImageAnchor="64,128" Velocity="0,0" Duration="5" />
				<Pose Image="/air_swing_l.png" ImageAnchor="64,128" Velocity="0,0" Duration="5" />
				<Pose Image="/air_swing_r.png" ImageAnchor="64,128" Velocity="0,0" Duration="5" />
				<Pose Image="/air_swing_l.png" ImageAnchor="64,128" Velocity="0,0" Duration="5" />
				<Pose Image="/air_swing_r.png" ImageAnchor="64,128" Velocity="0,0" Duration="5" />
				<Pose Image="/air_swing_l.png" ImageAnchor="64,128" Velocity="0,0" Duration="2" />
				<Pose Image="/air_swing_r.png" ImageAnchor="64,128" Velocity="0,0" Duration="2" />
				<Pose Image="/air_swing_l.png" ImageAnchor="64,128" Velocity="0,0" Duration="2" />
				<Pose Image="/air_swing_r.png" ImageAnchor="64,128" Velocity="0,0" Duration="2" />
				<Pose Image="/air_swing_l.png" ImageAnchor="64,128" Velocity="0,0" Duration="2" />
				<Pose Image="/air_swing_r.png" ImageAnchor="64,128" Velocity="0,0" Duration="2" />
				<Pose Image="/air_swing_l.png" ImageAnchor="64,128" Velocity="0,0" Duration="2" />
				<Pose Image="/air_swing_r.png" ImageAnchor="64,128" Velocity="0,0" Duration="2" />
			</Animation>
		</Action>

	</ActionList>

	<!-- Actual Behavior -->
	<ActionList>

		<!-- ALWAYS REQUIRED -->
		<Action Name="Fall" Type="Sequence" Loop="false">
			<ActionReference Name="Falling"/>
			<Action Type="Select">
				<Action Type="Sequence" Condition="${mascot.environment.floor.isOn(mascot.anchor) ||
					mascot.environment.activeIE.topBorder.isOn(mascot.anchor) }">
					<ActionReference Name="Bouncing"/>
					<ActionReference Name="Stand" Duration="${100+Math.random()*100}" />
				</Action>
				<ActionReference Name="GrabWall" Duration="100" />
			</Action>
		</Action>

		<!-- ALWAYS REQUIRED -->
		<Action Name="Dragged" Type="Sequence" Loop="true">
			<ActionReference Name="Pinched"/>
			<ActionReference Name="Resisting" />
		</Action>

		<!-- ALWAYS REQUIRED -->
		<Action Name="Thrown" Type="Sequence" Loop="false">
			<ActionReference Name="Falling" InitialVX="${mascot.environment.cursor.dx}" InitialVY="${mascot.environment.cursor.dy}"/>
			<Action Type="Select">
				<Action Type="Sequence" Condition="${mascot.environment.floor.isOn(mascot.anchor) || mascot.environment.activeIE.topBorder.isOn(mascot.anchor) }">
					<ActionReference Name="Bouncing"/>
					<ActionReference Name="Stand" Duration="${100+Math.random()*100}" />
				</Action>
				<ActionReference Name="GrabWall" Duration="100" />
			</Action>
		</Action>

		<Action Name="StandUp" Type="Sequence" Loop="false">
			<ActionReference Name="Stand" Duration="${500+Math.random()*1000}" />
		</Action>

		<Action Name="Kiara Dance" Type="Sequence" Loop="true">
			<ActionReference Name="Dance 5" Duration="20" />
			<ActionReference Name="Dance 6" Duration="20" />
			<ActionReference Name="Dance 5" Duration="20" />
			<ActionReference Name="Dance 6" Duration="20" />
		</Action>

		<Action Name="KFP Dance" Type="Sequence" Loop="true">
			<ActionReference Name="Dance 3" Duration="10" />
			<ActionReference Name="Dance 4" Duration="10" />
			<ActionReference Name="Dance 3" Duration="10" />
			<ActionReference Name="Dance 4" Duration="10" />
		</Action>

		<Action Name="KFP Employee" Type="Sequence" Loop="false">
			<ActionReference Name="KFP1" />
			<ActionReference Name="KFP2" Duration="${500+Math.random()*100}" />	
		</Action>

		<Action Name="Kiara Sit" Type="Sequence" Loop="false">	
			<ActionReference Name="Sit" Duration="${500+Math.random()*100}" />
		</Action>

		<Action Name="Kiara Fire" Type="Sequence" Loop="false">
			<ActionReference Name="Fire1" />
			<ActionReference Name="Fire2" Duration="${100+Math.random()*100}" />
			<ActionReference Name="Fire3" />
		</Action>


		<Action Name="HoldOntoWall" Type="Sequence" Loop="false">
			<ActionReference Name="GrabWall" Duration="${500+Math.random()*1000}" />
		</Action>

		<Action Name="FallFromWall" Type="Sequence" Loop="false">
			<ActionReference Name="Offset" X="${mascot.lookRight ? -1 : 1}" />
			<ActionReference Name="Stand" />
		</Action>

		<Action Name="HoldOntoCeiling" Type="Sequence" Loop="false">
			<ActionReference Name="GrabCeiling" Duration="${500+Math.random()*1000}" />
		</Action>

		<Action Name="FallFromCeiling" Type="Sequence" Loop="false">
			<ActionReference Name="Offset" Y="1" />
			<ActionReference Name="Stand" />
		</Action>

		<Action Name="WalkAlongWorkAreaFloor" Type="Sequence" Loop="false">
			<ActionReference Name="Walk" TargetX="${mascot.environment.workArea.left+64+Math.random()*(mascot.environment.workArea.width-128)}" />
		</Action>

		<Action Name="RunAlongWorkAreaFloor" Type="Sequence" Loop="false">
			<ActionReference Name="Run" TargetX="${mascot.environment.workArea.left+64+Math.random()*(mascot.environment.workArea.width-128)}" />
		</Action>

		<Action Name="CrawlAlongWorkAreaFloor" Type="Sequence" Loop="false">
			<ActionReference Name="Creep" TargetX="${mascot.environment.workArea.left+64+Math.random()*(mascot.environment.workArea.width-128)}" />
		</Action>

		<Action Name="WalkLeftAlongFloorAndSit" Type="Sequence" Loop="false">
			<ActionReference Name="Walk" TargetX="${mascot.environment.workArea.left+100+Math.random()*300}" />
			<ActionReference Name="Stand" Duration="${20+Math.random()*20}" />
			<ActionReference Name="Look" LookRight="true" />
			<ActionReference Name="Stand" Duration="${20+Math.random()*20}" />
			<ActionReference Name="Sit" Duration="${500+Math.random()*1000}" />
		</Action>

		<Action Name="WalkRightAlongFloorAndSit" Type="Sequence" Loop="false">
			<ActionReference Name="Walk" TargetX="${mascot.environment.workArea.right-100-Math.random()*300}" />
			<ActionReference Name="Stand" Duration="${20+Math.random()*20}" />
			<ActionReference Name="Look" LookRight="false" />
			<ActionReference Name="Stand" Duration="${20+Math.random()*20}" />
			<ActionReference Name="Sit" Duration="${500+Math.random()*1000}" />
		</Action>

		<Action Name="GrabWorkAreaBottomLeftWall" Type="Sequence" Loop="false">
			<ActionReference Name="Walk" TargetX="#{mascot.environment.workArea.left}" />
			<ActionReference Name="ClimbWall" TargetY="#{mascot.environment.workArea.bottom-64}" />
		</Action>

		<Action Name="GrabWorkAreaBottomRightWall" Type="Sequence" Loop="false">
			<ActionReference Name="Walk" TargetX="#{mascot.environment.workArea.right}" />
			<ActionReference Name="ClimbWall" TargetY="#{mascot.environment.workArea.bottom-64}" />
		</Action>

		<Action Name="WalkLeftAndSit" Type="Sequence" Loop="false">
			<ActionReference Name="Run" TargetX="${mascot.environment.workArea.left+100+Math.random()*300}" />
			<ActionReference Name="Stand" Duration="${20+Math.random()*20}" />
			<ActionReference Name="Look" LookRight="true" />
			<ActionReference Name="Stand" Duration="${20+Math.random()*20}" />
			<ActionReference Name="Sit" Duration="${500+Math.random()*1000}" />
		</Action>

		<Action Name="WalkRightAndSit" Type="Sequence" Loop="false">
			<ActionReference Name="Run" TargetX="${mascot.environment.workArea.right-100-Math.random()*300}" />
			<ActionReference Name="Stand" Duration="${20+Math.random()*20}" />
			<ActionReference Name="Look" LookRight="false" />
			<ActionReference Name="Stand" Duration="${20+Math.random()*20}" />
			<ActionReference Name="Sit" Duration="${500+Math.random()*1000}" />
		</Action>

		<Action Name="WalkAndGrabBottomLeftWall" Type="Sequence" Loop="false">
			<ActionReference Name="Run" TargetX="#{mascot.environment.workArea.left}" />
			<ActionReference Name="ClimbWall" TargetY="#{mascot.environment.workArea.bottom-64}" />
		</Action>

		<Action Name="WalkAndGrabBottomRightWall" Type="Sequence" Loop="false">
			<ActionReference Name="Run" TargetX="#{mascot.environment.workArea.right}" />
			<ActionReference Name="ClimbWall" TargetY="#{mascot.environment.workArea.bottom-64}" />
		</Action>

		<Action Name="JumpFromBottomOfIE" Type="Sequence" Loop="false">
			<ActionReference Name="Jumping" TargetX="${(mascot.anchor.x*3+mascot.environment.activeIE.left+Math.random()*mascot.environment.activeIE.width)/4}"
				 TargetY="${mascot.environment.activeIE.bottom}" />
			<ActionReference Name="GrabCeiling" Duration="${100+Math.random()*100}" />
		</Action>

		<Action Name="ClimbHalfwayAlongWall" Type="Sequence" Loop="false">
			<ActionReference Name="ClimbWall" TargetY="${mascot.environment.workArea.top+64 + Math.random()*(mascot.environment.workArea.height-128)}" />
		</Action>

		<Action Name="ClimbAlongWall" Type="Sequence" Loop="false">
			<ActionReference Name="ClimbWall" TargetY="#{mascot.environment.workArea.top+64}" />
			<ActionReference Name="Offset" Y="-64" />
			<ActionReference Name="Look" />
			<ActionReference Name="ClimbCeiling" TargetX="${mascot.lookRight ? mascot.environment.workArea.left+Math.random()*100 : mascot.environment.workArea.right-Math.random*100}" />
		</Action>

		<Action Name="ClimbAlongCeiling" Type="Sequence" Loop="false">
			<ActionReference Name="ClimbCeiling" TargetX="${mascot.environment.workArea.left+64+Math.random()*(mascot.environment.workArea.width-128)}" />
		</Action>

		<Action Name="WalkAlongIECeiling" Type="Sequence" Loop="false">
			<ActionReference Name="Walk" TargetX="${mascot.environment.activeIE.left+64+Math.random()*(mascot.environment.activeIE.width-128)}" />
		</Action>

		<Action Name="RunAlongIECeiling" Type="Sequence" Loop="false">
			<ActionReference Name="Run" TargetX="${mascot.environment.activeIE.left+64+Math.random()*(mascot.environment.activeIE.width-128)}" />
		</Action>

		<Action Name="CrawlAlongIECeiling" Type="Sequence" Loop="false">
			<ActionReference Name="Creep" TargetX="${mascot.environment.activeIE.left+64+Math.random()*(mascot.environment.activeIE.width-128)}" />
		</Action>

		<Action Name="SitOnTheLeftEdgeOfIE" Type="Sequence" Loop="false">
			<ActionReference Name="Walk" TargetX="${mascot.environment.activeIE.left+100+Math.random()*300}" />
			<ActionReference Name="Stand" Duration="${100+Math.random()*100}" />
			<ActionReference Name="Sit" Duration="${500+Math.random()*1000}" />
		</Action>

		<Action Name="SitOnTheRightEdgeOfIE" Type="Sequence" Loop="false">
			<ActionReference Name="Walk" TargetX="${mascot.environment.activeIE.right-100-Math.random()*300}" />
			<ActionReference Name="Stand" Duration="${100+Math.random()*100}" />
			<ActionReference Name="Sit" Duration="${500+Math.random()*1000}" />
		</Action>

		<Action Name="JumpFromLeftEdgeOfIE" Type="Sequence" Loop="false">
			<ActionReference Name="Walk" TargetX="${mascot.environment.activeIE.left+Math.random()*50}" />
			<ActionReference Name="Stand" Duration="${50+Math.random()*50}" />
			<ActionReference Name="Falling" InitialVX="${-15-Math.random()*5}" InitialVY="${-20-Math.random()*5}"/>
			<ActionReference Name="Bouncing" />
		</Action>

		<Action Name="JumpFromRightEdgeOfIE" Type="Sequence" Loop="false">
			<ActionReference Name="Walk" TargetX="${mascot.environment.activeIE.right-Math.random()*50}" />
			<ActionReference Name="Stand" Duration="${50+Math.random()*50}" />
			<ActionReference Name="Falling" InitialVX="${15+Math.random()*5}" InitialVY="${-20-Math.random()*5}"/>
			<ActionReference Name="Bouncing" />
		</Action>

		<Action Name="WalkLeftAlongIEAndSit" Type="Sequence" Loop="false">
			<ActionReference Name="Run" TargetX="${mascot.environment.activeIE.left+100+Math.random()*300}" />
			<ActionReference Name="Stand" Duration="${100+Math.random()*100}" />
			<ActionReference Name="Sit" Duration="${500+Math.random()*1000}" />
		</Action>

		<Action Name="WalkRightAlongIEAndSit" Type="Sequence" Loop="false">
			<ActionReference Name="Run" TargetX="${mascot.environment.activeIE.right-100-Math.random()*300}" />
			<ActionReference Name="Stand" Duration="${100+Math.random()*100}" />
			<ActionReference Name="Sit" Duration="${500+Math.random()*1000}" />
		</Action>

		<Action Name="WalkLeftAlongIEAndJump" Type="Sequence" Loop="false">
			<ActionReference Name="Run" TargetX="${mascot.environment.activeIE.left+Math.random()*50}" />
			<ActionReference Name="Falling" InitialVX="${-15-Math.random()*5}" InitialVY="${-20-Math.random()*5}"/>
			<ActionReference Name="Bouncing" />
		</Action>

		<Action Name="WalkRightAlongIEAndJump" Type="Sequence" Loop="false">
			<ActionReference Name="Run" TargetX="${mascot.environment.activeIE.right-Math.random()*50}" />
			<ActionReference Name="Falling" InitialVX="${15+Math.random()*5}" InitialVY="${-20-Math.random()*5}"/>
			<ActionReference Name="Bouncing" />
		</Action>

		<Action Name="DashIeCeilingLeftEdgeFromJump" Type="Sequence" Loop="false">
			<ActionReference Name="Dash" TargetX="${mascot.environment.activeIE.left+Math.random()*20+20}" />
			<ActionReference Name="Falling" InitialVX="${-5-Math.random()*2}" InitialVY="${-20-Math.random()*5}"/>
			<ActionReference Name="Bouncing" />
		</Action>

		<Action Name="DashIeCeilingRightEdgeFromJump" Type="Sequence" Loop="false">
			<ActionReference Name="Dash" TargetX="${mascot.environment.activeIE.right-Math.random()*20-20}" />
			<ActionReference Name="Falling" InitialVX="${5+Math.random()*2}" InitialVY="${-20-Math.random()*5}"/>
			<ActionReference Name="Bouncing" />
		</Action>

		<Action Name="HoldOntoIEWall" Type="Sequence" Loop="false">
			<ActionReference Name="ClimbWall" TargetY="${mascot.environment.activeIE.top+64 + Math.random()*(mascot.environment.activeIE.height-128)}" />
		</Action>

		<Action Name="ClimbIEWall" Type="Sequence" Loop="false">
			<ActionReference Name="ClimbWall" TargetY="#{mascot.environment.activeIE.top+64}" />
			<ActionReference Name="Offset" Y="-64" />
			<ActionReference Name="Sit" Duration="5" />
			<ActionReference Name="Stand" Duration="${10+Math.random()*10}" />
			<ActionReference Name="Walk" TargetX="${mascot.lookRight ? mascot.environment.activeIE.left+Math.random()*100 : mascot.environment.activeIE.right-Math.random*100}" />
		</Action>

		<Action Name="ClimbIEBottom" Type="Sequence" Loop="false">
			<ActionReference Name="ClimbCeiling" TargetX="${mascot.environment.activeIE.left+64+(Math.random()*mascot.environment.activeIE.width-128)}" />
		</Action>

		<Action Name="GrabIEBottomLeftWall" Type="Sequence" Loop="false">
			<ActionReference Name="ClimbCeiling" TargetX="#{mascot.environment.activeIE.left}" />
			<ActionReference Name="Look" />
			<ActionReference Name="ClimbWall" TargetY="#{mascot.environment.activeIE.bottom-64}" />
		</Action>

		<Action Name="GrabIEBottomRightWall" Type="Sequence" Loop="false">
			<ActionReference Name="ClimbCeiling" TargetX="#{mascot.environment.activeIE.right}" />
			<ActionReference Name="Look" />
			<ActionReference Name="ClimbWall" TargetY="#{mascot.environment.activeIE.bottom-64}" />
		</Action>

		<Action Name="JumpFromLeftWall" Type="Sequence" Loop="false">
			<ActionReference Name="Jumping" TargetX="${mascot.environment.workArea.left}" TargetY="${mascot.environment.workArea.bottom-Math.random()*mascot.environment.workArea.height/4}" />
			<ActionReference Name="GrabWall" Duration="${100+Math.random()*100}" />
		</Action>

		<Action Name="JumpFromRightWall" Type="Sequence" Loop="false">
			<ActionReference Name="Jumping" TargetX="${mascot.environment.workArea.right}" TargetY="${mascot.environment.workArea.bottom-Math.random()*mascot.environment.workArea.height/4}" />
			<ActionReference Name="GrabWall" Duration="${100+Math.random()*100}" />
		</Action>

		<Action Name="JumpOnIELeftWall" Type="Sequence" Loop="false">
			<ActionReference Name="Jumping" TargetX="${mascot.environment.activeIE.left}" TargetY="${mascot.environment.activeIE.bottom-Math.random()*mascot.environment.activeIE.height/4}" />
			<ActionReference Name="GrabWall" Duration="${100+Math.random()*100}" />
		</Action>

		<Action Name="JumpOnIERightWall" Type="Sequence" Loop="false">
			<ActionReference Name="Jumping" TargetX="${mascot.environment.activeIE.right}" TargetY="${mascot.environment.activeIE.bottom-Math.random()*mascot.environment.activeIE.height/4}" />
			<ActionReference Name="GrabWall" Duration="${100+Math.random()*100}" />
		</Action>

		<Action Name="ThrowIEFromLeft" Type="Sequence" Loop="false">
			<ActionReference Name="Jumping" TargetX="${mascot.environment.activeIE.left}" TargetY="${mascot.environment.activeIE.bottom+64}" />
			<ActionReference Name="FallWithIe" />
			<ActionReference Name="WalkWithIe" TargetX="#{mascot.environment.workArea.right-400}" />
			<ActionReference Name="ThrowIe" />
			<ActionReference Name="Stand" Duration="${50+Math.random()*50}" />
			<ActionReference Name="Look" />
			<ActionReference Name="Stand" Duration="${50+Math.random()*50}" />
		</Action>
		<Action Name="ThrowIEFromRight" Type="Sequence" Loop="false">
			<ActionReference Name="Jumping" TargetX="${mascot.environment.activeIE.right}" TargetY="${mascot.environment.activeIE.bottom+64}" />
			<ActionReference Name="FallWithIe" />
			<ActionReference Name="WalkWithIe" TargetX="#{mascot.environment.workArea.left+400}" />
			<ActionReference Name="ThrowIe" />
			<ActionReference Name="Stand" Duration="${50+Math.random()*50}" />
			<ActionReference Name="Look" />
			<ActionReference Name="Stand" Duration="${50+Math.random()*50}" />
		</Action>
		<Action Name="WalkAndThrowIEFromRight" Type="Sequence" Loop="false">
			<ActionReference Name="Jumping" TargetX="${mascot.environment.activeIE.left}" TargetY="${mascot.environment.activeIE.bottom+64}" />
			<ActionReference Name="FallWithIe" />
			<ActionReference Name="RunWithIe" TargetX="#{mascot.environment.workArea.right-400}" />
			<ActionReference Name="ThrowIe" />
			<ActionReference Name="Stand" Duration="${50+Math.random()*50}" />
			<ActionReference Name="Look" />
			<ActionReference Name="Stand" Duration="${50+Math.random()*50}" />
		</Action>
		<Action Name="WalkAndThrowIEFromLeft" Type="Sequence" Loop="false">
			<ActionReference Name="Jumping" TargetX="${mascot.environment.activeIE.right}" TargetY="${mascot.environment.activeIE.bottom+64}" />
			<ActionReference Name="FallWithIe" />
			<ActionReference Name="RunWithIe" TargetX="#{mascot.environment.workArea.left+400}" />
			<ActionReference Name="ThrowIe" />
			<ActionReference Name="Stand" Duration="${50+Math.random()*50}" />
			<ActionReference Name="Look" />
			<ActionReference Name="Stand" Duration="${50+Math.random()*50}" />
		</Action>

		<Action Name="ChaseMouse" Type="Sequence" Loop="false">
			<Action Type="Sequence" Condition="${mascot.environment.ceiling.isOn(mascot.anchor) || mascot.environment.activeIE.bottomBorder.isOn(mascot.anchor)}">
				<ActionReference Name="Offset" Y="1" />
				<ActionReference Name="Falling"/>
				<ActionReference Name="Bouncing" />
			</Action>
			<Action Type="Sequence" Condition="${mascot.environment.workArea.leftBorder.isOn(mascot.anchor) || mascot.environment.activeIE.rightBorder.isOn(mascot.anchor)}">
				<ActionReference Name="Offset" X="1" />
				<ActionReference Name="Falling"/>
				<ActionReference Name="Bouncing" />
			</Action>
			<Action Type="Sequence" Condition="${mascot.environment.workArea.rightBorder.isOn(mascot.anchor) || mascot.environment.activeIE.leftBorder.isOn(mascot.anchor)}">
				<ActionReference Name="Offset" X="-1" />
				<ActionReference Name="Falling"/>
				<ActionReference Name="Bouncing" />
			</Action>
			<Action Type="Select">
				<ActionReference Name="DashIeCeilingLeftEdgeFromJump"
					Condition="${mascot.environment.activeIE.topBorder.isOn(mascot.anchor) &amp;&amp;
					mascot.anchor.x &lt; (mascot.environment.activeIE.left+mascot.environment.activeIE.right)/2}"/>
				<ActionReference Name="DashIeCeilingRightEdgeFromJump"
					Condition="${mascot.environment.activeIE.topBorder.isOn(mascot.anchor) &amp;&amp;
					mascot.anchor.x &gt;= (mascot.environment.activeIE.left+mascot.environment.activeIE.right)/2}" />
			</Action>
			<ActionReference Name="Dash" TargetX="${ mascot.anchor.x+(mascot.environment.cursor.x-mascot.anchor.x)*Math.random()/2 }" />
			<ActionReference Name="Tripping" Condition="${Math.random() &lt; 0.05}" />
			<ActionReference Name="Dash" TargetX="${ mascot.anchor.x+(mascot.environment.cursor.x-mascot.anchor.x)*Math.random() }" />
			<ActionReference Name="Tripping" Condition="${Math.random() &lt; 0.05}" />
			<ActionReference Name="Dash" TargetX="#{mascot.environment.cursor.x+Gap}"
				Gap="${ mascot.anchor.x &lt; mascot.environment.cursor.x ?
					-Math.min( mascot.environment.cursor.x-mascot.anchor.x, Math.random()*200) :
					Math.min( mascot.anchor.x-mascot.environment.cursor.x, Math.random()*200 ) }" />
			<ActionReference Name="Look" LookRight="${mascot.anchor.x &lt; mascot.environment.cursor.x}" />
			<ActionReference Name="HappyJumpAction"/>
		</Action>

		<Action Name="StareAtMouse" Type="Sequence" Loop="false">
			<ActionReference Name="SitAndLookAtMouse" Duration="${10+Math.random()*10}" />
			<ActionReference Name="Look" LookRight="${mascot.anchor.x &lt; mascot.environment.cursor.x}" />
			<ActionReference Name="SitAndLookAtMouse" Duration="${10+Math.random()*10}" />
			<ActionReference Name="Look" LookRight="${mascot.anchor.x &lt; mascot.environment.cursor.x}" />
			<ActionReference Name="SitAndLookAtMouse" Duration="${10+Math.random()*10}" />
			<ActionReference Name="Look" LookRight="${mascot.anchor.x &lt; mascot.environment.cursor.x}" />
			<ActionReference Name="SitAndLookAtMouse" Duration="${10+Math.random()*10}" />
			<ActionReference Name="Look" LookRight="${mascot.anchor.x &lt; mascot.environment.cursor.x}" />
			<ActionReference Name="SitAndLookAtMouse" Duration="${10+Math.random()*10}" />
			<ActionReference Name="Look" LookRight="${mascot.anchor.x &lt; mascot.environment.cursor.x}" />
			<ActionReference Name="SitAndLookAtMouse" Duration="${10+Math.random()*10}" />
			<ActionReference Name="Look" LookRight="${mascot.anchor.x &lt; mascot.environment.cursor.x}" />
			<ActionReference Name="SitAndLookAtMouse" Duration="${10+Math.random()*10}" />
			<ActionReference Name="Look" LookRight="${mascot.anchor.x &lt; mascot.environment.cursor.x}" />
			<ActionReference Name="SitAndLookAtMouse" Duration="${10+Math.random()*10}" />
			<ActionReference Name="Look" LookRight="${mascot.anchor.x &lt; mascot.environment.cursor.x}" />
			<ActionReference Name="SitAndLookAtMouse" Duration="${10+Math.random()*10}" />
			<ActionReference Name="Look" LookRight="${mascot.anchor.x &lt; mascot.environment.cursor.x}" />
			<ActionReference Name="SitAndLookAtMouse" Duration="${10+Math.random()*10}" />
			<ActionReference Name="Look" LookRight="${mascot.anchor.x &lt; mascot.environment.cursor.x}" />
		</Action>
		<Action Name="Calli Wave" Type="Sequence" Loop="false">
			<ActionReference Name="HappyJumpAction" Duration="${50+Math.random()*50}" />
		</Action>

		<Action Name="PullUpShimeji1" Type="Embedded" Class="com.group_finity.mascot.action.Breed"
			BornX="-32" BornY="96" BornBehavior="PullUp">
			<Animation>
				<Pose Image="/stand.png" ImageAnchor="64,128" Velocity="0,0" Duration="16" />
				<Pose Image="/clone_1.png" ImageAnchor="96,128" Velocity="0,0" Duration="4" />
				<Pose Image="/clone_2.png" ImageAnchor="96,128" Velocity="0,0" Duration="40" />
				<Pose Image="/clone_3.png" ImageAnchor="96,128" Velocity="0,0" Duration="40" />
				<Pose Image="/clone_4.png" ImageAnchor="96,128" Velocity="0,0" Duration="40" />
			</Animation>
		</Action>
		<Action Name="PullUpShimeji2" Type="Animate">
			<Animation>
				<Pose Image="/air.png" ImageAnchor="32,128" Velocity="20,-20" Duration="1" />
				<Pose Image="/air.png" ImageAnchor="32,128" Velocity="20,-10" Duration="1" />
				<Pose Image="/air.png" ImageAnchor="32,128" Velocity="20,-5" Duration="1" />
			</Animation>
		</Action>
		<Action Name="PullUpClone" Type="Sequence">
			<ActionReference Name="PullUpShimeji1" />
			<ActionReference Name="PullUpShimeji2" />
			<ActionReference Name="Falling" InitialVX="${mascot.lookRight ? -20 : 20}"/>
			<ActionReference Name="Bouncing" />
			<ActionReference Name="Sprawl" Duration="40" />
		</Action>

		<Action Name="PullUp" Type="Sequence">
			<ActionReference Name="Falling" InitialVX="${mascot.lookRight ? 10 : -10}" InitialVY="-40"/>
			<ActionReference Name="Bouncing" />
		</Action>
	</ActionList>

</Mascot>
