﻿<?xml version="1.0" encoding="UTF-8" ?>
<Mascot xmlns="http://www.group-finity.com/Mascot" xmlns:xsi="http://www.w3.org/2001/XMLSchema-instance"
	xsi:schemaLocation="http://www.group-finity.com/Mascot Mascot.xsd">

	<BehaviorList>
	
		<!-- ALWAYS REQUIRED -->

		<Behavior Name="ChaseMouse" Frequency="0" Hidden="true">
			<NextBehavior Add="false">
				<BehaviorReference Name="SitAndFaceMouse" Frequency="1" />
			</NextBehavior>
		</Behavior>
		
		<Behavior Name="StareAtMouse" Frequency="100" Hidden="true" />
		
		<!-- ALWAYS REQUIRED -->
		<Behavior Name="Fall" Frequency="0" Hidden="true" />
		
		<!-- ALWAYS REQUIRED -->
		<Behavior Name="Dragged" Frequency="0" Hidden="true" />
		
		<!-- ALWAYS REQUIRED -->
		<Behavior Name="Thrown" Frequency="0" Hidden="true" />
		
		<Behavior Name="PullUp" Frequency="0" Hidden="true" />

		<!-- On the Floor -->
		<Condition Condition="#{mascot.environment.floor.isOn(mascot.anchor) || mascot.environment.activeIE.topBorder.isOn(mascot.anchor)}">
			<Behavior Name="Stand Ina" Frequency="200" Hidden="true" />
			<Behavior Name="Let Ina Draw" Frequency="200" Hidden="false" />
			<Behavior Name="Sit Ina" Frequency="200" Hidden="true" />
			<Behavior Name="InaBouncer" Frequency="100" Hidden="false" />
			<Behavior Name="InaBoingBoing" Frequency="100" Hidden="false" />
		</Condition>

		<!-- On the Wall -->
		<Condition Condition="#{ mascot.lookRight ? (
					mascot.environment.workArea.rightBorder.isOn(mascot.anchor) || 
					mascot.environment.activeIE.leftBorder.isOn(mascot.anchor) ) : (
					mascot.environment.workArea.leftBorder.isOn(mascot.anchor) || 
					mascot.environment.activeIE.rightBorder.isOn(mascot.anchor) ) }">
			<Behavior Name="HoldOntoWall" Frequency="100" Hidden="true" />
			<Behavior Name="FallFromWall" Frequency="50" Condition="${!mascot.environment.floor.isOn(mascot.anchor)}" Hidden="true" />
		</Condition>
		
		<!-- On the Ceiling -->
		<Condition Condition="#{mascot.environment.ceiling.isOn(mascot.anchor) || mascot.environment.activeIE.bottomBorder.isOn(mascot.anchor)}">
			<Behavior Name="HoldOntoCeiling" Frequency="100" Hidden="true" />
			<Behavior Name="FallFromCeiling" Frequency="50" Hidden="true" />
		</Condition>
		
		<!-- On Work Area Floor -->
		<Condition Condition="#{mascot.environment.floor.isOn(mascot.anchor)}">
			<Behavior Name="WalkAlongWorkAreaFloor" Frequency="100" Hidden="true" />
			<Behavior Name="RunAlongWorkAreaFloor" Frequency="100" Hidden="true" />
			<Behavior Name="DashAlongWorkAreaFloor" Frequency="100" Hidden="true" />
			<Behavior Name="CrawlAlongWorkAreaFloor" Frequency="10" Hidden="true">
				<NextBehavior Add="false">
					<!-- Finished Crawling -->
				</NextBehavior>
			</Behavior>
			<Behavior Name="InaDrawRight" Frequency="100" Hidden="true" />
			<Behavior Name="InaDrawLeft" Frequency="100" Hidden="true" />
			<Behavior Name="InaPun1" Frequency="10" Hidden="true" />
			<Behavior Name="InaPun2" Frequency="10" Hidden="true" />
			 <!-- Condition="#{mascot.anchor.x &gt;= mascot.environment.activeIE.left &amp;&amp;
				mascot.anchor.x &lt; mascot.environment.activeIE.right}" / -->
				
			<!--Behavior Name="PullUpShimeji" Frequency="50" Condition="#{mascot.totalCount &lt; 50}" /-->
		</Condition>
		
		<!-- On Work Area Facing the Wall -->
		<Condition Condition="#{mascot.lookRight ? mascot.environment.workArea.rightBorder.isOn(mascot.anchor) :
					mascot.environment.workArea.leftBorder.isOn(mascot.anchor)}">
			<Behavior Name="ClimbHalfwayAlongWall" Frequency="100" Hidden="true" />
			<Behavior Name="ClimbAlongWall" Frequency="100" Hidden="true" />
		</Condition>
		
		<!-- On Work Area Top Facing -->
		<Condition Condition="#{mascot.environment.ceiling.isOn(mascot.anchor)}">
			<Behavior Name="ClimbAlongCeiling" Frequency="100" Hidden="true" />
		</Condition>
		
		<!-- On Top of IE -->
		<Condition Condition="#{mascot.environment.activeIE.topBorder.isOn(mascot.anchor)}">
			<Behavior Name="WalkAlongIECeiling" Frequency="100" Hidden="true" />
			<Behavior Name="RunAlongIECeiling" Frequency="100" Hidden="true" />
			<Behavior Name="SitOnTheLeftEdgeOfIE" Frequency="100" Hidden="true" />
			<Behavior Name="SitOnTheRightEdgeOfIE" Frequency="100" Hidden="true" />
			<Behavior Name="JumpFromLeftEdgeOfIE" Frequency="100" Hidden="true" />
			<Behavior Name="JumpFromRightEdgeOfIE" Frequency="100" Hidden="true" />
			<Behavior Name="WalkLeftAlongIEAndSit" Frequency="100" Hidden="true" />
			<Behavior Name="WalkRightAlongIEAndSit" Frequency="100" Hidden="true" />
			<Behavior Name="WalkLeftAlongIEAndJump" Frequency="100" Hidden="true" />
			<Behavior Name="WalkRightAlongIEAndJump" Frequency="100" Hidden="true" />
		</Condition>
		
		<!-- On IE's Side -->
		<Condition Condition="#{mascot.lookRight ? mascot.environment.activeIE.leftBorder.isOn(mascot.anchor) :
					mascot.environment.activeIE.rightBorder.isOn(mascot.anchor)}">
			<Behavior Name="HoldOntoIEWall" Frequency="100" Hidden="true" />
			<Behavior Name="ClimbIEWall" Frequency="100" Hidden="true" />
		</Condition>

		<!-- On the Bottom of IE -->
		<Condition Condition="#{mascot.environment.activeIE.bottomBorder.isOn(mascot.anchor)}">
			<Behavior Name="ClimbIEBottom" Frequency="100" Hidden="true" />
			<Behavior Name="GrabIEBottomLeftWall" Frequency="100" Hidden="true" />
			<Behavior Name="GrabIEBottomRightWall" Frequency="100" Hidden="true" />
		</Condition>

		<!-- IE Is Visible -->
		<Condition Condition="#{mascot.environment.activeIE.visible}">
			<Behavior Name="JumpOnIELeftWall" Frequency="50" Condition="#{mascot.anchor.x &lt; mascot.environment.activeIE.left &amp;&amp;
				Math.abs(mascot.environment.activeIE.bottom-mascot.anchor.y) &lt;mascot.environment.activeIE.height/4}" Hidden="true" />
			<Behavior Name="JumpOnIERightWall" Frequency="50" Condition="#{mascot.anchor.x &gt; mascot.environment.activeIE.right &amp;&amp;
				Math.abs(mascot.environment.activeIE.bottom-mascot.anchor.y) &lt;mascot.environment.activeIE.height/4}" Hidden="true" />
				
			<Behavior Name="ThrowIEFromLeft" Frequency="20" Condition="#{mascot.environment.activeIE.bottom &lt; mascot.anchor.y-64 &amp;&amp;
				mascot.anchor.x &lt; mascot.environment.activeIE.left}" Hidden="true" />
			<Behavior Name="ThrowIEFromRight" Frequency="20" Condition="#{mascot.environment.activeIE.bottom &lt; mascot.anchor.y-64 &amp;&amp;
				mascot.anchor.x &gt; mascot.environment.activeIE.right}" Hidden="true" />
			<Behavior Name="WalkAndThrowIEFromRight" Frequency="20" Condition="#{mascot.environment.activeIE.bottom &lt; mascot.anchor.y-64 &amp;&amp;
				mascot.anchor.x &lt; mascot.environment.activeIE.left}" Hidden="true" />
			<Behavior Name="WalkAndThrowIEFromLeft" Frequency="20" Condition="#{mascot.environment.activeIE.bottom &lt; mascot.anchor.y-64 &amp;&amp;
				mascot.anchor.x &gt; mascot.environment.activeIE.right}" Hidden="true" />
		</Condition>

	</BehaviorList>
</Mascot>
