﻿<?xml version="1.0" encoding="UTF-8" ?>
<Mascot xmlns="http://www.group-finity.com/Mascot" xmlns:xsi="http://www.w3.org/2001/XMLSchema-instance"
	xsi:schemaLocation="http://www.group-finity.com/Mascot Mascot.xsd">

	<ActionList>
		<Action Name="Look" Type="Embedded" Class="com.group_finity.mascot.action.Look" />
		<Action Name="Offset" Type="Embedded" Class="com.group_finity.mascot.action.Offset" />

		<!-- Standing -->

		<Action Name="Stand" Type="Stay" BorderType="Floor">
			<Animation>
				<Pose Image="/gstand.png" ImageAnchor="64,128" Velocity="0,0" Duration="4" />
			    <Pose Image="/gstand.png" ImageAnchor="64,128" Velocity="0,0" Duration="2" />
				<Pose Image="/gstand1.png" ImageAnchor="64,128" Velocity="0,0" Duration="3" />
				<Pose Image="/gstand2.png" ImageAnchor="64,128" Velocity="0,0" Duration="4" />
			    <Pose Image="/gstand1.png" ImageAnchor="64,128" Velocity="0,0" Duration="3" />
			    <Pose Image="/gstand.png" ImageAnchor="64,128" Velocity="0,0" Duration="2" />   
			</Animation>
		</Action>

		<Action Name="Walk" Type="Move" BorderType="Floor">
			<Animation>
				<Pose Image="/gwalk1.png" ImageAnchor="64,128" Velocity="0,0" Duration="6" />
			    <Pose Image="/gwalk1.png" ImageAnchor="64,128" Velocity="-2,0" Duration="1" />
				<Pose Image="/gwalk2.png" ImageAnchor="64,128" Velocity="-2,0" Duration="2" />
				<Pose Image="/gwalk3.png" ImageAnchor="64,128" Velocity="-2,0" Duration="3" />
			    <Pose Image="/gwalk2.png" ImageAnchor="64,128" Velocity="-2,0" Duration="2" />
			    <Pose Image="/gwalk1.png" ImageAnchor="64,128" Velocity="-2,0" Duration="1" />
			</Animation>
		</Action>

		<Action Name="Float1" Type="Move" BorderType="Floor">
			<Animation>
				<Pose Image="/gfloat.png" ImageAnchor="128,256" Velocity="0,0" Duration="3" />
				<Pose Image="/gfloat1.png" ImageAnchor="128,256" Velocity="-2,0" Duration="3" />
				<Pose Image="/gfloat2.png" ImageAnchor="128,256" Velocity="-2,0" Duration="3" />
				<Pose Image="/gfloat1.png" ImageAnchor="128,256" Velocity="-2,0" Duration="3" />
				<Pose Image="/gfloat.png" ImageAnchor="128,256" Velocity="-2,0" Duration="3" />
			</Animation>
		</Action>

		<Action Name="Float2" Type="Stay" BorderType="Floor">
			<Animation>
				<Pose Image="/gfloat.png" ImageAnchor="128,256" Velocity="0,0" Duration="3" />
				<Pose Image="/gfloat1.png" ImageAnchor="128,256" Velocity="0,0" Duration="3" />
				<Pose Image="/gfloat2.png" ImageAnchor="128,256" Velocity="0,0" Duration="3" />
				<Pose Image="/gfloat1.png" ImageAnchor="128,256" Velocity="0,0" Duration="3" />
				<Pose Image="/gfloat.png" ImageAnchor="128,256" Velocity="0,0" Duration="3" />
			</Animation>
		</Action>

		<Action Name="Staff1" Type="Animate" BorderType="Floor">
			<Animation>
				<Pose Image="/gstaff1.png" ImageAnchor="128,256" Velocity="0,0" Duration="2" />
				<Pose Image="/gstaff2.png" ImageAnchor="128,256" Velocity="0,0" Duration="2" />
				<Pose Image="/gstaff3.png" ImageAnchor="128,256" Velocity="0,0" Duration="2" />
				<Pose Image="/gstaff4.png" ImageAnchor="128,256" Velocity="0,0" Duration="2" />
				<Pose Image="/gstaff5.png" ImageAnchor="128,256" Velocity="0,0" Duration="2" />
				<Pose Image="/gstaff6.png" ImageAnchor="128,256" Velocity="0,0" Duration="30" />
				<Pose Image="/gstaff7.png" ImageAnchor="128,256" Velocity="0,0" Duration="3" />
				<Pose Image="/gstaff8.png" ImageAnchor="128,256" Velocity="0,0" Duration="3" />
			</Animation>
		</Action>

		<Action Name="Staff2" Type="Animate" BorderType="Floor">
			<Animation>
				<Pose Image="/gstaff8.png" ImageAnchor="128,256" Velocity="0,0" Duration="3" />
				<Pose Image="/gstaff7.png" ImageAnchor="128,256" Velocity="0,0" Duration="3" />
				<Pose Image="/gstaff6.png" ImageAnchor="128,256" Velocity="0,0" Duration="20" />
				<Pose Image="/gstaff5.png" ImageAnchor="128,256" Velocity="0,0" Duration="2" />
				<Pose Image="/gstaff4.png" ImageAnchor="128,256" Velocity="0,0" Duration="2" />
				<Pose Image="/gstaff3.png" ImageAnchor="128,256" Velocity="0,0" Duration="2" />
				<Pose Image="/gstaff2.png" ImageAnchor="128,256" Velocity="0,0" Duration="2" />
				<Pose Image="/gstaff1.png" ImageAnchor="128,256" Velocity="0,0" Duration="2" />
			</Animation>
		</Action>

		<Action Name="Run" Type="Move" BorderType="Floor">
			<Animation>
				<Pose Image="/gwalk1.png" ImageAnchor="64,128" Velocity="-2,0" Duration="2" />
			    <Pose Image="/gwalk1.png" ImageAnchor="64,128" Velocity="-4,0" Duration="1" />
				<Pose Image="/gwalk2.png" ImageAnchor="64,128" Velocity="-4,0" Duration="2" />
				<Pose Image="/gwalk3.png" ImageAnchor="64,128" Velocity="-4,0" Duration="3" />
			    <Pose Image="/gwalk2.png" ImageAnchor="64,128" Velocity="-4,0" Duration="2" />
			    <Pose Image="/gwalk1.png" ImageAnchor="64,128" Velocity="-4,0" Duration="1" />
			</Animation>
		</Action>

		<Action Name="Dash" Type="Move" BorderType="Floor">
			<Animation>
				<Pose Image="/bloop4.png" ImageAnchor="128,256" Velocity="-4,0" Duration="2" />
				<Pose Image="/bloop5.png" ImageAnchor="128,256" Velocity="-8,0" Duration="1" />
				<Pose Image="/bloop6.png" ImageAnchor="128,256" Velocity="-8,0" Duration="2" />
				<Pose Image="/bloop5.png" ImageAnchor="128,256" Velocity="-8,0" Duration="1" />
				<Pose Image="/bloop4.png" ImageAnchor="128,256" Velocity="-8,0" Duration="2" />
			</Animation>
		</Action>

		<!-- Sitting -->

		<Action Name="Sit" Type="Stay" BorderType="Floor">
			<Animation>
				<Pose Image="/gsit1.png" ImageAnchor="64,128" Velocity="0,0" Duration="4" />
				<Pose Image="/gsit1.png" ImageAnchor="64,128" Velocity="0,0" Duration="2" />
				<Pose Image="/gsit2.png" ImageAnchor="64,128" Velocity="0,0" Duration="3" />
				<Pose Image="/gsit3.png" ImageAnchor="64,128" Velocity="0,0" Duration="4" />
				<Pose Image="/gsit2.png" ImageAnchor="64,128" Velocity="0,0" Duration="3" />
				<Pose Image="/gsit1.png" ImageAnchor="64,128" Velocity="0,0" Duration="2" />
			</Animation>
		</Action>
		
		<Action Name="Sit2" Type="Stay" BorderType="Floor">
			<Animation>
				<Pose Image="/ggsit1.png" ImageAnchor="64,128" Velocity="0,0" Duration="4" />
				<Pose Image="/ggsit1.png" ImageAnchor="64,128" Velocity="0,0" Duration="2" />
				<Pose Image="/ggsit2.png" ImageAnchor="64,128" Velocity="0,0" Duration="3" />
				<Pose Image="/ggsit3.png" ImageAnchor="64,128" Velocity="0,0" Duration="4" />
				<Pose Image="/ggsit2.png" ImageAnchor="64,128" Velocity="0,0" Duration="3" />
				<Pose Image="/ggsit1.png" ImageAnchor="64,128" Velocity="0,0" Duration="2" />
			</Animation>
		</Action>
		
		<Action Name="Sit2TextR1" Type="Stay" BorderType="Floor">
			<Animation>
				<Pose Image="/ggsitTR1.png" ImageAnchor="128,256" Velocity="0,0" Duration="4" />
				<Pose Image="/ggsitTR1.png" ImageAnchor="128,256" Velocity="0,0" Duration="2" />
				<Pose Image="/ggsitTR2.png" ImageAnchor="128,256" Velocity="0,0" Duration="3" />
				<Pose Image="/ggsitTR3.png" ImageAnchor="128,256" Velocity="0,0" Duration="4" />
				<Pose Image="/ggsitTR2.png" ImageAnchor="128,256" Velocity="0,0" Duration="3" />
				<Pose Image="/ggsitTR1.png" ImageAnchor="128,256" Velocity="0,0" Duration="2" />
			</Animation>
		</Action>

		<Action Name="SitGame1" Type="Stay" BorderType="Floor">
			<Animation>
				<Pose Image="/game_0000.png" ImageAnchor="128,256" Velocity="0,0" Duration="4" />
				<Pose Image="/game_0000.png" ImageAnchor="128,256" Velocity="0,0" Duration="2" />
				<Pose Image="/game_0001.png" ImageAnchor="128,256" Velocity="0,0" Duration="3" />
				<Pose Image="/game_0002.png" ImageAnchor="128,256" Velocity="0,0" Duration="4" />
				<Pose Image="/game_0001.png" ImageAnchor="128,256" Velocity="0,0" Duration="3" />
				<Pose Image="/game_0000.png" ImageAnchor="128,256" Velocity="0,0" Duration="2" />
			</Animation>
		</Action>

		<Action Name="SitGame2" Type="Stay" BorderType="Floor">
			<Animation>
				<Pose Image="/game_0003.png" ImageAnchor="128,256" Velocity="0,0" Duration="4" />
				<Pose Image="/game_0003.png" ImageAnchor="128,256" Velocity="0,0" Duration="2" />
				<Pose Image="/game_0004.png" ImageAnchor="128,256" Velocity="0,0" Duration="3" />
				<Pose Image="/game_0005.png" ImageAnchor="128,256" Velocity="0,0" Duration="4" />
				<Pose Image="/game_0004.png" ImageAnchor="128,256" Velocity="0,0" Duration="3" />
				<Pose Image="/game_0003.png" ImageAnchor="128,256" Velocity="0,0" Duration="2" />
			</Animation>
		</Action>

		<Action Name="SitGame3" Type="Stay" BorderType="Floor">
			<Animation>
				<Pose Image="/game_0006.png" ImageAnchor="128,256" Velocity="0,0" Duration="4" />
				<Pose Image="/game_0006.png" ImageAnchor="128,256" Velocity="0,0" Duration="2" />
				<Pose Image="/game_0007.png" ImageAnchor="128,256" Velocity="0,0" Duration="3" />
				<Pose Image="/game_0008.png" ImageAnchor="128,256" Velocity="0,0" Duration="4" />
				<Pose Image="/game_0007.png" ImageAnchor="128,256" Velocity="0,0" Duration="3" />
				<Pose Image="/game_0006.png" ImageAnchor="128,256" Velocity="0,0" Duration="2" />
			</Animation>
		</Action>

		<Action Name="SitGame4" Type="Stay" BorderType="Floor">
			<Animation>
				<Pose Image="/game_0009.png" ImageAnchor="128,256" Velocity="0,0" Duration="4" />
				<Pose Image="/game_0009.png" ImageAnchor="128,256" Velocity="0,0" Duration="2" />
				<Pose Image="/game_0010.png" ImageAnchor="128,256" Velocity="0,0" Duration="3" />
				<Pose Image="/game_0011.png" ImageAnchor="128,256" Velocity="0,0" Duration="4" />
				<Pose Image="/game_0010.png" ImageAnchor="128,256" Velocity="0,0" Duration="3" />
				<Pose Image="/game_0009.png" ImageAnchor="128,256" Velocity="0,0" Duration="2" />
			</Animation>
		</Action>
		
		<Action Name="DontMove" Type="Stay" BorderType="Floor">
			<Animation>
				<Pose Image="/gstand.png" ImageAnchor="64,128" Velocity="0,0" Duration="200" />
			</Animation>
		</Action>

		<Action Name="Summon" Type="Stay" BorderType="Floor">
			<Animation>
				<Pose Image="/bloop1.png" ImageAnchor="128,256" Velocity="0,0" Duration="20" />
				<Pose Image="/bloop2.png" ImageAnchor="128,256" Velocity="0,0" Duration="2" />
				<Pose Image="/bloop3.png" ImageAnchor="128,256" Velocity="0,0" Duration="2" />
			</Animation>
		</Action>
		
		<Action Name="SitAndLookUp" Type="Stay" BorderType="Floor">
			<Animation>
				<Pose Image="/ggsit1.png" ImageAnchor="64,128" Velocity="0,0" Duration="250" />
			</Animation>
		</Action>

		<Action Name="SitAndLookAtMouse" Type="Stay" BorderType="Floor">
			<Animation Condition="#{mascot.environment.cursor.y &lt; mascot.environment.screen.height/2}">
				<Pose Image="/ggsit2.png" ImageAnchor="64,128" Velocity="0,0" Duration="250" />
			</Animation>
			<Animation>
				<Pose Image="/ggsit3.png" ImageAnchor="64,128" Velocity="0,0" Duration="250" />
			</Animation>
		</Action>

		<Action Name="Wave" Type="Animate" BorderType="Floor">
			<Animation>
				<Pose Image="/gwave1.png" ImageAnchor="128,256" Velocity="0,0" Duration="1" />
				<Pose Image="/gwave2.png" ImageAnchor="128,256" Velocity="0,0" Duration="3" />
				<Pose Image="/gwave3.png" ImageAnchor="128,256" Velocity="0,0" Duration="1" />
				<Pose Image="/gwave4.png" ImageAnchor="128,256" Velocity="0,0" Duration="3" />
				<Pose Image="/gwave5.png" ImageAnchor="128,256" Velocity="0,0" Duration="1" />
				<Pose Image="/gwave6.png" ImageAnchor="128,256" Velocity="0,0" Duration="3" />
				<Pose Image="/gwave5.png" ImageAnchor="128,256" Velocity="0,0" Duration="1" />
				<Pose Image="/gwave4.png" ImageAnchor="128,256" Velocity="0,0" Duration="3" />
				<Pose Image="/gwave5.png" ImageAnchor="128,256" Velocity="0,0" Duration="1" />
				<Pose Image="/gwave6.png" ImageAnchor="128,256" Velocity="0,0" Duration="3" />
				<Pose Image="/gwave5.png" ImageAnchor="128,256" Velocity="0,0" Duration="1" />
				<Pose Image="/gwave4.png" ImageAnchor="128,256" Velocity="0,0" Duration="3" />
				<Pose Image="/gwave5.png" ImageAnchor="128,256" Velocity="0,0" Duration="1" />
				<Pose Image="/gwave6.png" ImageAnchor="128,256" Velocity="0,0" Duration="3" />
				<Pose Image="/gwave5.png" ImageAnchor="128,256" Velocity="0,0" Duration="1" />
				<Pose Image="/gwave4.png" ImageAnchor="128,256" Velocity="0,0" Duration="3" />
				<Pose Image="/gwave5.png" ImageAnchor="128,256" Velocity="0,0" Duration="1" />
				<Pose Image="/gwave6.png" ImageAnchor="128,256" Velocity="0,0" Duration="3" />
				<Pose Image="/gwave5.png" ImageAnchor="128,256" Velocity="0,0" Duration="1" />
				<Pose Image="/gwave4.png" ImageAnchor="128,256" Velocity="0,0" Duration="3" />
				<Pose Image="/gwave5.png" ImageAnchor="128,256" Velocity="0,0" Duration="1" />
				<Pose Image="/gwave6.png" ImageAnchor="128,256" Velocity="0,0" Duration="3" />
				<Pose Image="/gwave5.png" ImageAnchor="128,256" Velocity="0,0" Duration="1" />
				<Pose Image="/gwave4.png" ImageAnchor="128,256" Velocity="0,0" Duration="3" />
				<Pose Image="/gwave3.png" ImageAnchor="128,256" Velocity="0,0" Duration="1" />
				<Pose Image="/gwave2.png" ImageAnchor="128,256" Velocity="0,0" Duration="3" />
				<Pose Image="/gwave1.png" ImageAnchor="128,256" Velocity="0,0" Duration="1" />
			</Animation>
		</Action>

		<Action Name="SitWithLegsUp" Type="Stay" BorderType="Floor">
			<Animation>
				<Pose Image="/gstand.png" ImageAnchor="64,128" Velocity="0,0" Duration="250" />
			</Animation>
		</Action>

		<Action Name="SitWithLegsDown" Type="Stay" BorderType="Floor">
			<Animation>
				<Pose Image="/gsleep.png" ImageAnchor="64,128" Velocity="0,0" Duration="250" />
			</Animation>
		</Action>

		<Action Name="Sleep" Type="Stay" BorderType="Floor">
			<Animation>
				<Pose Image="/gsleep.png" ImageAnchor="64,128" Velocity="0,0" Duration="250" />
			</Animation>
		</Action>

		<Action Name="BloopGuraSleep" Type="Stay" BorderType="Floor">
			<Animation>
				<Pose Image="/bloopsleep.png" ImageAnchor="128,256" Velocity="0,0" Duration="250" />
			</Animation>
		</Action>

		<Action Name="SitAndDangleLegs" Type="Stay" BorderType="Floor">
			<Animation>
				<Pose Image="/gsleep.png" ImageAnchor="64,128" Velocity="0,0" Duration="40" />
			</Animation>
		</Action>

		<!-- Laying -->

		<Action Name="Sprawl" Type="Stay" BorderType="Floor">
			<Animation>
				<Pose Image="/stand.png" ImageAnchor="64,128" Velocity="0,0" Duration="250" />
			</Animation>
		</Action>

		<Action Name="BloopSneakAttack" Type="Move" BorderType="Floor">
			<Animation>
				<Pose Image="/bloopsneak.png" ImageAnchor="128,256" Velocity="0,0" Duration="28" />
				<Pose Image="/bloopsneak.png" ImageAnchor="128,256" Velocity="-2,0" Duration="4" />
				<Pose Image="/bloopsneak.png" ImageAnchor="128,256" Velocity="-2,0" Duration="4" />
				<Pose Image="/bloopsneak.png" ImageAnchor="128,256" Velocity="-1,0" Duration="4" />
				<Pose Image="/bloopsneak.png" ImageAnchor="128,256" Velocity="0,0" Duration="24" />
			</Animation>
		</Action>

		<Action Name="BloopGuraWake" Type="Move" BorderType="Floor">
			<Animation>
				<Pose Image="/gwake.png" ImageAnchor="128,256" Velocity="0,0" Duration="28" />
				<Pose Image="/gwake.png" ImageAnchor="128,256" Velocity="-2,0" Duration="4" />
				<Pose Image="/gwake.png" ImageAnchor="128,256" Velocity="-2,0" Duration="4" />
				<Pose Image="/gwake.png" ImageAnchor="128,256" Velocity="-1,0" Duration="4" />
				<Pose Image="/gwake.png" ImageAnchor="128,256" Velocity="0,0" Duration="24" />
			</Animation>
		</Action>

		<Action Name="Creep" Type="Move" BorderType="Floor">
			<Animation>
				<Pose Image="/stand.png" ImageAnchor="64,128" Velocity="0,0" Duration="28" />
				<Pose Image="/stand.png" ImageAnchor="64,128" Velocity="-2,0" Duration="4" />
				<Pose Image="/stand.png" ImageAnchor="64,128" Velocity="-2,0" Duration="4" />
				<Pose Image="/stand.png" ImageAnchor="64,128" Velocity="-1,0" Duration="4" />
				<Pose Image="/stand.png" ImageAnchor="64,128" Velocity="0,0" Duration="24" />
			</Animation>
		</Action>

		<!-- Ceiling -->

		<Action Name="GrabCeiling" Type="Stay" BorderType="Ceiling">
			<Animation>
				<Pose Image="/climb_top.png" ImageAnchor="64,48" Velocity="0,0" Duration="250" />
			</Animation>
		</Action>
		
		<Action Name="ClimbCeiling" Type="Move" BorderType="Ceiling">
			<Animation>
				<Pose Image="/climb_top.png" ImageAnchor="64,48" Velocity="0,0" Duration="16" />
				<Pose Image="/climb_top.png" ImageAnchor="64,48" Velocity="-1,0" Duration="12" />
				<Pose Image="/climb_top.png" ImageAnchor="64,48" Velocity="0,0" Duration="16" />
				<Pose Image="/climb_top.png" ImageAnchor="64,48" Velocity="-2,0" Duration="12" />
			</Animation>
		</Action>

		<!-- Wall -->

		<Action Name="GrabWall" Type="Stay" BorderType="Wall">
			<Animation>
				<Pose Image="/climb.png" ImageAnchor="64,128" Velocity="0,0" Duration="250" />
			</Animation>
		</Action>
		<Action Name="ClimbWall" Type="Move" BorderType="Wall">
			<Animation Condition="#{TargetY &lt; mascot.anchor.y}">
				<Pose Image="/climb.png" ImageAnchor="64,128" Velocity="0,0" Duration="16" />
				<Pose Image="/climb.png" ImageAnchor="64,128" Velocity="0,-1" Duration="12" />
				<Pose Image="/climb.png" ImageAnchor="64,128" Velocity="0,0" Duration="16" />
				<Pose Image="/climb.png" ImageAnchor="64,128" Velocity="0,-2" Duration="12" />
			</Animation>

			<Animation Condition="#{TargetY &gt;= mascot.anchor.y}">
				<Pose Image="/climb.png" ImageAnchor="64,128" Velocity="0,0" Duration="16" />
				<Pose Image="/climb.png" ImageAnchor="64,128" Velocity="0,2" Duration="12" />
				<Pose Image="/climb.png" ImageAnchor="64,128" Velocity="0,0" Duration="16" />
				<Pose Image="/climb.png" ImageAnchor="64,128" Velocity="0,1" Duration="12" />
			</Animation>
		</Action>

		<!-- IE -->

		<Action Name="FallWithIe" Type="Embedded" Class="com.group_finity.mascot.action.FallWithIE"
			 IeOffsetX="0" IeOffsetY="-64">
			<Animation>
				<Pose Image="/stand.png" ImageAnchor="64,128" Velocity="0,0" Duration="250" />
			</Animation>
		</Action>
		<Action Name="WalkWithIe" BorderType="Floor" Type="Embedded" Class="com.group_finity.mascot.action.WalkWithIE"
			 IeOffsetX="0" IeOffsetY="-64">
			<Animation>
				<Pose Image="/stand.png" ImageAnchor="64,128" Velocity="-2,0" Duration="6" />
				<Pose Image="/stand_walk1.png" ImageAnchor="64,128" Velocity="-2,0" Duration="6" />
				<Pose Image="/stand_walk2.png" ImageAnchor="64,128" Velocity="-2,0" Duration="6" />
				<Pose Image="/stand_walk1.png" ImageAnchor="64,128" Velocity="-2,0" Duration="6" />
			</Animation>
		</Action>
		<Action Name="RunWithIe" BorderType="Floor" Type="Embedded" Class="com.group_finity.mascot.action.WalkWithIE"
			 IeOffsetX="0" IeOffsetY="-64">
			<Animation>
				<Pose Image="/stand.png" ImageAnchor="64,128" Velocity="-8,0" Duration="2" />
				<Pose Image="/stand_walk1.png" ImageAnchor="64,128" Velocity="-8,0" Duration="2" />
				<Pose Image="/stand_walk2.png" ImageAnchor="64,128" Velocity="-8,0" Duration="2" />
				<Pose Image="/stand_walk1.png" ImageAnchor="64,128" Velocity="-8,0" Duration="2" />
			</Animation>
		</Action>
		<Action Name="ThrowIe" BorderType="Floor" Type="Embedded" Class="com.group_finity.mascot.action.ThrowIE"
			InitialVX="32" InitialVY="-10" Gravity="0.5">
			<Animation>
				<Pose Image="/jump_1.png" ImageAnchor="64,128" Velocity="0,0" Duration="40" />
			</Animation>
		</Action>

		<!-- Falling -->

		<Action Name="Jumping" Type="Embedded" Class="com.group_finity.mascot.action.Jump"
			VelocityParam="${23+Math.random()*40}">
			<Animation>
				<Pose Image="/gair1.png" ImageAnchor="64,128" Velocity="0,0" Duration="1" />
				<Pose Image="/gair1.png" ImageAnchor="64,128" Velocity="0,0" Duration="1" />
				<Pose Image="/gair2.png" ImageAnchor="64,128" Velocity="0,0" Duration="2" />
				<Pose Image="/gair3.png" ImageAnchor="64,128" Velocity="0,0" Duration="3" />
				<Pose Image="/gair4.png" ImageAnchor="64,128" Velocity="0,0" Duration="250" />
			</Animation>
		</Action>

		<Action Name="AnnoyingJump" Type="Embedded" Class="com.group_finity.mascot.action.AnnoyingJump"
			VelocityParam="${20+Math.random()*50}">
			<Animation>
				<Pose Image="/gair1.png" ImageAnchor="64,128" Velocity="0,0" Duration="1" />
				<Pose Image="/gair1.png" ImageAnchor="64,128" Velocity="0,0" Duration="1" />
				<Pose Image="/gair2.png" ImageAnchor="64,128" Velocity="0,0" Duration="2" />
				<Pose Image="/gair3.png" ImageAnchor="64,128" Velocity="0,0" Duration="3" />
				<Pose Image="/gair4.png" ImageAnchor="64,128" Velocity="0,0" Duration="250" />
			</Animation>
		</Action>

		<Action Name="Falling" Type="Embedded" Class="com.group_finity.mascot.action.Fall"
			RegistanceX="0.05" RegistanceY="0.1" Gravity="2">
			<Animation>
				<Pose Image="/gair1.png" ImageAnchor="64,128" Velocity="0,0" Duration="1" />
				<Pose Image="/gair1.png" ImageAnchor="64,128" Velocity="0,0" Duration="1" />
				<Pose Image="/gair2.png" ImageAnchor="64,128" Velocity="0,0" Duration="1" />
				<Pose Image="/gair3.png" ImageAnchor="64,128" Velocity="0,0" Duration="1" />
				<Pose Image="/gair4.png" ImageAnchor="64,128" Velocity="0,0" Duration="1" />
				<Pose Image="/gair3.png" ImageAnchor="64,128" Velocity="0,0" Duration="1" />
				<Pose Image="/gair2.png" ImageAnchor="64,128" Velocity="0,0" Duration="1" />
				<Pose Image="/gair1.png" ImageAnchor="64,128" Velocity="0,0" Duration="1" />
			</Animation>
		</Action>

		<Action Name="Bouncing" Type="Animate" BorderType="Floor">
			<Animation>
				<Pose Image="/gstand.png" ImageAnchor="64,128" Velocity="0,0" Duration="4" />
			</Animation>
		</Action>

		<Action Name="Tripping" Type="Animate" BorderType="Floor">
			<Animation>
				<Pose Image="/bloophalt.png" ImageAnchor="128,256" Velocity="-8,0" Duration="8" />
				<Pose Image="/bloophalt.png" ImageAnchor="128,256" Velocity="-4,0" Duration="4" />
				<Pose Image="/bloophalt.png" ImageAnchor="128,256" Velocity="-2,0" Duration="4" />
				<Pose Image="/bloophalt.png" ImageAnchor="128,256" Velocity="0,0" Duration="30" />
				
			</Animation>
		</Action>

		<Action Name="BloopHalt" Type="Animate" BorderType="Floor">
			<Animation>
				<Pose Image="/bloophalt.png" ImageAnchor="128,256" Velocity="0,0" Duration="30" />
			</Animation>
		</Action>


		<!-- Dragging -->

		<Action Name="Pinched" Type="Embedded" Class="com.group_finity.mascot.action.Dragged">
			<Animation Condition="#{FootX &lt; mascot.environment.cursor.x-50}">
				<Pose Image="/gswing1.png" ImageAnchor="64,128" Velocity="0,0" Duration="5" />
			</Animation>
			<Animation Condition="#{FootX &lt; mascot.environment.cursor.x-30}">
				<Pose Image="/gswing2.png" ImageAnchor="64,128" Velocity="0,0" Duration="5" />
			</Animation>
			<Animation Condition="#{FootX &lt; mascot.environment.cursor.x}">
				<Pose Image="/gswing3.png" ImageAnchor="64,128" Velocity="0,0" Duration="5" />
			</Animation>
			<Animation Condition="#{FootX &gt; mascot.environment.cursor.x-10 &amp;&amp; FootX &lt; mascot.environment.cursor.x+10}">
				<Pose Image="/gswing4.png" ImageAnchor="64,128" Velocity="0,0" Duration="5" />
			</Animation>
			<Animation Condition="#{FootX &lt; mascot.environment.cursor.x+30}">
				<Pose Image="/gswing5.png" ImageAnchor="64,128" Velocity="0,0" Duration="5"/>
			</Animation>
			<Animation Condition="#{FootX &lt; mascot.environment.cursor.x+50}">
				<Pose Image="/gswing6.png" ImageAnchor="64,128" Velocity="0,0" Duration="5" />
			</Animation>
			<Animation Condition="#{FootX &gt;= mascot.environment.cursor.x+30}">
				<Pose Image="/gswing7.png" ImageAnchor="64,128" Velocity="0,0" Duration="5" />
			</Animation>
		</Action>
		<Action Name="Resisting" Type="Embedded" Class="com.group_finity.mascot.action.Regist">
			<Animation>
				<Pose Image="/gswing3.png" ImageAnchor="64,128" Velocity="0,0" Duration="5" />
				<Pose Image="/gswing5.png" ImageAnchor="64,128" Velocity="0,0" Duration="5" />
				<Pose Image="/gswing3.png" ImageAnchor="64,128" Velocity="0,0" Duration="5" />
				<Pose Image="/gswing5.png" ImageAnchor="64,128" Velocity="0,0" Duration="5" />
				<Pose Image="/gswing4.png" ImageAnchor="64,128" Velocity="0,0" Duration="50" />
				<Pose Image="/gswing3.png" ImageAnchor="64,128" Velocity="0,0" Duration="5" />
				<Pose Image="/gswing5.png" ImageAnchor="64,128" Velocity="0,0" Duration="5" />
				<Pose Image="/gswing3.png" ImageAnchor="64,128" Velocity="0,0" Duration="5" />
				<Pose Image="/gswing5.png" ImageAnchor="64,128" Velocity="0,0" Duration="5" />
				<Pose Image="/gswing3.png" ImageAnchor="64,128" Velocity="0,0" Duration="5" />
				<Pose Image="/gswing5.png" ImageAnchor="64,128" Velocity="0,0" Duration="5" />
				<Pose Image="/gswing3.png" ImageAnchor="64,128" Velocity="0,0" Duration="5" />
				<Pose Image="/gswing5.png" ImageAnchor="64,128" Velocity="0,0" Duration="5" />
				<Pose Image="/gswing4.png" ImageAnchor="64,128" Velocity="0,0" Duration="100" />
				<Pose Image="/gswing3.png" ImageAnchor="64,128" Velocity="0,0" Duration="5" />
				<Pose Image="/gswing5.png" ImageAnchor="64,128" Velocity="0,0" Duration="5" />
				<Pose Image="/gswing3.png" ImageAnchor="64,128" Velocity="0,0" Duration="5" />
				<Pose Image="/gswing5.png" ImageAnchor="64,128" Velocity="0,0" Duration="5" />
				<Pose Image="/gswing3.png" ImageAnchor="64,128" Velocity="0,0" Duration="5" />
				<Pose Image="/gswing5.png" ImageAnchor="64,128" Velocity="0,0" Duration="5" />
				<Pose Image="/gswing3.png" ImageAnchor="64,128" Velocity="0,0" Duration="5" />
				<Pose Image="/gswing5.png" ImageAnchor="64,128" Velocity="0,0" Duration="5" />
				<Pose Image="/gswing3.png" ImageAnchor="64,128" Velocity="0,0" Duration="2" />
				<Pose Image="/gswing5.png" ImageAnchor="64,128" Velocity="0,0" Duration="2" />
				<Pose Image="/gswing3.png" ImageAnchor="64,128" Velocity="0,0" Duration="2" />
				<Pose Image="/gswing5.png" ImageAnchor="64,128" Velocity="0,0" Duration="2" />
				<Pose Image="/gswing3.png" ImageAnchor="64,128" Velocity="0,0" Duration="2" />
				<Pose Image="/gswing5.png" ImageAnchor="64,128" Velocity="0,0" Duration="2" />
				<Pose Image="/gswing3.png" ImageAnchor="64,128" Velocity="0,0" Duration="2" />
				<Pose Image="/gswing5.png" ImageAnchor="64,128" Velocity="0,0" Duration="2" />
			</Animation>
		</Action>
		
	<Action Name="Pinched2" Type="Embedded" Class="com.group_finity.mascot.action.Dragged">
			<Animation Condition="#{FootX &lt; mascot.environment.cursor.x-50}">
				<Pose Image="/geat1.png" ImageAnchor="126,256" Velocity="0,0" Duration="5" />
			</Animation>
			<Animation Condition="#{FootX &lt; mascot.environment.cursor.x-30}">
				<Pose Image="/geat2.png" ImageAnchor="126,256" Velocity="0,0" Duration="5" />
			</Animation>
			<Animation Condition="#{FootX &lt; mascot.environment.cursor.x}">
				<Pose Image="/geat3.png" ImageAnchor="126,256" Velocity="0,0" Duration="5" />
			</Animation>
			<Animation Condition="#{FootX &gt; mascot.environment.cursor.x-10 &amp;&amp; FootX &lt; mascot.environment.cursor.x+10}">
				<Pose Image="/geat4.png" ImageAnchor="126,256" Velocity="0,0" Duration="5" />
			</Animation>
			<Animation Condition="#{FootX &lt; mascot.environment.cursor.x+30}">
				<Pose Image="/geat5.png" ImageAnchor="126,256" Velocity="0,0" Duration="5"/>
			</Animation>
			<Animation Condition="#{FootX &lt; mascot.environment.cursor.x+50}">
				<Pose Image="/geat6.png" ImageAnchor="126,256" Velocity="0,0" Duration="5" />
			</Animation>
			<Animation Condition="#{FootX &gt;= mascot.environment.cursor.x+30}">
				<Pose Image="/geat7.png" ImageAnchor="126,256" Velocity="0,0" Duration="5" />
			</Animation>
		</Action>

		<Action Name="Pinched3" Type="Embedded" Class="com.group_finity.mascot.action.DraggedA">
			<Animation Condition="#{FootX &lt; mascot.environment.cursor.x-50}">
				<Pose Image="/geat1.png" ImageAnchor="126,256" Velocity="0,0" Duration="5" />
			</Animation>
			<Animation Condition="#{FootX &lt; mascot.environment.cursor.x-30}">
				<Pose Image="/geat2.png" ImageAnchor="126,256" Velocity="0,0" Duration="5" />
			</Animation>
			<Animation Condition="#{FootX &lt; mascot.environment.cursor.x}">
				<Pose Image="/geat3.png" ImageAnchor="126,256" Velocity="0,0" Duration="5" />
			</Animation>
			<Animation Condition="#{FootX &gt; mascot.environment.cursor.x-10 &amp;&amp; FootX &lt; mascot.environment.cursor.x+10}">
				<Pose Image="/geat4.png" ImageAnchor="126,256" Velocity="0,0" Duration="5" />
			</Animation>
			<Animation Condition="#{FootX &lt; mascot.environment.cursor.x+30}">
				<Pose Image="/geat5.png" ImageAnchor="126,256" Velocity="0,0" Duration="5"/>
			</Animation>
			<Animation Condition="#{FootX &lt; mascot.environment.cursor.x+50}">
				<Pose Image="/geat6.png" ImageAnchor="126,256" Velocity="0,0" Duration="5" />
			</Animation>
			<Animation Condition="#{FootX &gt;= mascot.environment.cursor.x+30}">
				<Pose Image="/geat7.png" ImageAnchor="126,256" Velocity="0,0" Duration="5" />
			</Animation>
		</Action>
		
		<Action Name="Resisting2" Type="Embedded" Class="com.group_finity.mascot.action.Regist">
			<Animation>
				<Pose Image="/gswing3.png" ImageAnchor="64,128" Velocity="0,0" Duration="5" />
				<Pose Image="/gswing5.png" ImageAnchor="64,128" Velocity="0,0" Duration="5" />
				<Pose Image="/gswing3.png" ImageAnchor="64,128" Velocity="0,0" Duration="5" />
				<Pose Image="/gswing5.png" ImageAnchor="64,128" Velocity="0,0" Duration="5" />
				<Pose Image="/gswing4.png" ImageAnchor="64,128" Velocity="0,0" Duration="50" />
				<Pose Image="/gswing3.png" ImageAnchor="64,128" Velocity="0,0" Duration="5" />
				<Pose Image="/gswing5.png" ImageAnchor="64,128" Velocity="0,0" Duration="5" />
				<Pose Image="/gswing3.png" ImageAnchor="64,128" Velocity="0,0" Duration="5" />
				<Pose Image="/gswing5.png" ImageAnchor="64,128" Velocity="0,0" Duration="5" />
				<Pose Image="/gswing3.png" ImageAnchor="64,128" Velocity="0,0" Duration="5" />
				<Pose Image="/gswing5.png" ImageAnchor="64,128" Velocity="0,0" Duration="5" />
				<Pose Image="/gswing3.png" ImageAnchor="64,128" Velocity="0,0" Duration="5" />
				<Pose Image="/gswing5.png" ImageAnchor="64,128" Velocity="0,0" Duration="5" />
				<Pose Image="/gswing4.png" ImageAnchor="64,128" Velocity="0,0" Duration="100" />
				<Pose Image="/gswing3.png" ImageAnchor="64,128" Velocity="0,0" Duration="5" />
				<Pose Image="/gswing5.png" ImageAnchor="64,128" Velocity="0,0" Duration="5" />
				<Pose Image="/gswing3.png" ImageAnchor="64,128" Velocity="0,0" Duration="5" />
				<Pose Image="/gswing5.png" ImageAnchor="64,128" Velocity="0,0" Duration="5" />
				<Pose Image="/gswing3.png" ImageAnchor="64,128" Velocity="0,0" Duration="5" />
				<Pose Image="/gswing5.png" ImageAnchor="64,128" Velocity="0,0" Duration="5" />
				<Pose Image="/gswing3.png" ImageAnchor="64,128" Velocity="0,0" Duration="5" />
				<Pose Image="/gswing5.png" ImageAnchor="64,128" Velocity="0,0" Duration="5" />
				<Pose Image="/gswing3.png" ImageAnchor="64,128" Velocity="0,0" Duration="2" />
				<Pose Image="/gswing5.png" ImageAnchor="64,128" Velocity="0,0" Duration="2" />
				<Pose Image="/gswing3.png" ImageAnchor="64,128" Velocity="0,0" Duration="2" />
				<Pose Image="/gswing5.png" ImageAnchor="64,128" Velocity="0,0" Duration="2" />
				<Pose Image="/gswing3.png" ImageAnchor="64,128" Velocity="0,0" Duration="2" />
				<Pose Image="/gswing5.png" ImageAnchor="64,128" Velocity="0,0" Duration="2" />
				<Pose Image="/gswing3.png" ImageAnchor="64,128" Velocity="0,0" Duration="2" />
				<Pose Image="/gswing5.png" ImageAnchor="64,128" Velocity="0,0" Duration="2" />
			</Animation>
		</Action>


	</ActionList>

	<!-- Actual Behavior -->
	<ActionList>

		<!-- ALWAYS REQUIRED -->
		<Action Name="Fall" Type="Sequence" Loop="false">
			<ActionReference Name="Falling"/>
			<Action Type="Select">
				<Action Type="Sequence" Condition="${mascot.environment.floor.isOn(mascot.anchor) ||
					mascot.environment.activeIE.topBorder.isOn(mascot.anchor) }">
					<ActionReference Name="Bouncing"/>
					<ActionReference Name="Stand" Duration="${100+Math.random()*100}" />
				</Action>
				<ActionReference Name="GrabWall" Duration="100" />
			</Action>
		</Action>

		<!-- ALWAYS REQUIRED -->
		<Action Name="Dragged" Type="Sequence" Loop="true">
			<ActionReference Name="Pinched"/>
			<ActionReference Name="Resisting" />
		</Action>

		<Action Name="DraggedA" Type="Sequence" Loop="true">
			<ActionReference Name="Pinched"/>
			<ActionReference Name="Resisting" />
		</Action>

		<!-- ALWAYS REQUIRED -->
		<Action Name="Thrown" Type="Sequence" Loop="false">
			<ActionReference Name="Falling" InitialVX="${mascot.environment.cursor.dx}" InitialVY="${mascot.environment.cursor.dy}"/>
			<Action Type="Select">
				<Action Type="Sequence" Condition="${mascot.environment.floor.isOn(mascot.anchor) || mascot.environment.activeIE.topBorder.isOn(mascot.anchor) }">
					<ActionReference Name="Bouncing"/>
					<ActionReference Name="Stand" Duration="${100+Math.random()*100}" />
				</Action>
				<ActionReference Name="GrabWall" Duration="100" />
			</Action>
		</Action>

		<Action Name="StandGura" Type="Sequence" Loop="false">
			<ActionReference Name="Stand" Duration="${500+Math.random()*1000}" />
		</Action>

		<Action Name="Summoning" Type="Sequence" Loop="false">
			<ActionReference Name="Summon" Duration="24" />
		</Action>
		
		<Action Name="SitGura" Type="Sequence" Loop="false">
		    <ActionReference Name="Sit" Duration="${500+Math.random()*1000}" />
		</Action>
		
		<Action Name="StandStill" Type="Sequence" Loop="false">
			<ActionReference Name="DontMove" Duration="${500+Math.random()*1000}" />
		</Action>
		
		<Action Name="MakeGuraSleep" Type="Sequence" Loop="false">
			<ActionReference Name="SitWithLegsUp" Duration="10" />
			<ActionReference Name="SitWithLegsDown" Duration="${100+Math.random()*100}" />
			<ActionReference Name="SitAndDangleLegs" Duration="${500+Math.random()*100}" />
			<ActionReference Name="SitWithLegsDown" Duration="${100+Math.random()*100}" />
			<ActionReference Name="SitWithLegsUp" Duration="10" />
		</Action>

		<Action Name="HoldOntoWall" Type="Sequence" Loop="false">
			<ActionReference Name="GrabWall" Duration="${500+Math.random()*1000}" />
		</Action>

		<Action Name="FallFromWall" Type="Sequence" Loop="false">
			<ActionReference Name="Offset" X="${mascot.lookRight ? -1 : 1}" />
			<ActionReference Name="Stand" />
		</Action>

		<Action Name="HoldOntoCeiling" Type="Sequence" Loop="false">
			<ActionReference Name="GrabCeiling" Duration="${500+Math.random()*1000}" />
		</Action>

		<Action Name="FallFromCeiling" Type="Sequence" Loop="false">
			<ActionReference Name="Offset" Y="1" />
			<ActionReference Name="Stand" />
		</Action>

		<Action Name="WalkAlongWorkAreaFloor" Type="Sequence" Loop="false">
			<ActionReference Name="Walk" TargetX="${mascot.environment.workArea.left+64+Math.random()*(mascot.environment.workArea.width-128)}" />
		</Action>

		<Action Name="RunAlongWorkAreaFloor" Type="Sequence" Loop="false">
			<ActionReference Name="Run" TargetX="${mascot.environment.workArea.left+64+Math.random()*(mascot.environment.workArea.width-128)}" />
		</Action>

		<Action Name="CrawlAlongWorkAreaFloor" Type="Sequence" Loop="false">
			<ActionReference Name="Creep" TargetX="${mascot.environment.workArea.left+64+Math.random()*(mascot.environment.workArea.width-128)}" />
		</Action>

		<Action Name="FloatGura" Type="Sequence" Loop="false">
			<ActionReference Name="Staff1" Duration="46" />
			<ActionReference Name="Float2" Duration="200" />
			<ActionReference Name="Float1" TargetX="${mascot.environment.workArea.left+64+Math.random()*(mascot.environment.workArea.width-128)}" />
			<ActionReference Name="Staff2" Duration="36" />
		</Action>

		<Action Name="BloopSleepAttack1" Type="Sequence" Loop="false">
			<ActionReference Name="Walk" TargetX="${mascot.environment.workArea.right-100-Math.random()*300}" />
			<ActionReference Name="Stand" Duration="${20+Math.random()*20}" />
			<ActionReference Name="Look" LookRight="false" />
			<ActionReference Name="Stand" Duration="${20+Math.random()*20}" />
			<ActionReference Name="BloopGuraSleep" Duration="${500+Math.random()*1000}" />
			<ActionReference Name="BloopSneakAttack" Duration="${500+Math.random()*1000}" />
			<ActionReference Name="BloopGuraWake" Duration="150" />
			<ActionReference Name="BloopHalt" Duration="30" />
			<ActionReference Name="Dash" TargetX="${mascot.environment.workArea.left+100+Math.random()*300}" />
			<ActionReference Name="Dash" TargetX="${mascot.environment.workArea.right-100-Math.random()*300}" />
			<ActionReference Name="Dash" TargetX="${mascot.environment.workArea.left+100+Math.random()*300}" />
			<ActionReference Name="Dash" TargetX="${mascot.environment.workArea.right-100-Math.random()*300}" />
			<ActionReference Name="Tripping" Duration="${20+Math.random()*20}" />
			<ActionReference Name="Sit" Duration="${500+Math.random()*1000}" />
		</Action>

		<Action Name="BloopSleepAttack2" Type="Sequence" Loop="false">
			<ActionReference Name="Walk" TargetX="${mascot.environment.workArea.right-100-Math.random()*300}" />
			<ActionReference Name="Stand" Duration="${20+Math.random()*20}" />
			<ActionReference Name="Look" LookRight="false" />
			<ActionReference Name="Stand" Duration="${20+Math.random()*20}" />
			<ActionReference Name="BloopGuraSleep" Duration="${500+Math.random()*1000}" />
			<ActionReference Name="BloopSneakAttack" Duration="${500+Math.random()*1000}" />
			<ActionReference Name="BloopGuraWake" Duration="150" />
			<ActionReference Name="BloopHalt" Duration="30" />
			<ActionReference Name="Dash" TargetX="${mascot.environment.workArea.left+100+Math.random()*300}" />
			<ActionReference Name="Dash" TargetX="${mascot.environment.workArea.right-100-Math.random()*300}" />
			<ActionReference Name="Dash" TargetX="${mascot.environment.workArea.left+100+Math.random()*300}" />
			<ActionReference Name="Tripping" Duration="${20+Math.random()*20}" />
			<ActionReference Name="Sit" Duration="${500+Math.random()*1000}" />
		</Action>

		<Action Name="BloopSleepAttack3" Type="Sequence" Loop="false">
			<ActionReference Name="Walk" TargetX="${mascot.environment.workArea.right-100-Math.random()*300}" />
			<ActionReference Name="Stand" Duration="${20+Math.random()*20}" />
			<ActionReference Name="Look" LookRight="false" />
			<ActionReference Name="Stand" Duration="${20+Math.random()*20}" />
			<ActionReference Name="BloopGuraSleep" Duration="${500+Math.random()*1000}" />
			<ActionReference Name="BloopSneakAttack" Duration="${500+Math.random()*1000}" />
			<ActionReference Name="BloopGuraWake" Duration="150" />
			<ActionReference Name="BloopHalt" Duration="30" />
			<ActionReference Name="Dash" TargetX="${mascot.environment.workArea.left+100+Math.random()*300}" />
			<ActionReference Name="Dash" TargetX="${mascot.environment.workArea.right-100-Math.random()*300}" />
			<ActionReference Name="Tripping" Duration="${20+Math.random()*20}" />
			<ActionReference Name="Sit" Duration="${500+Math.random()*1000}" />
		</Action>
		
		

		<Action Name="WalkLeftAlongFloorAndSit" Type="Sequence" Loop="false">
			<ActionReference Name="Walk" TargetX="${mascot.environment.workArea.left+100+Math.random()*300}" />
			<ActionReference Name="Stand" Duration="${20+Math.random()*20}" />
			<ActionReference Name="Look" LookRight="true" />
			<ActionReference Name="Stand" Duration="${20+Math.random()*20}" />
			<ActionReference Name="Sit2" Duration="${500+Math.random()*1000}" />
		</Action>

		<Action Name="WalkLeftAlongFloorAndSleep" Type="Sequence" Loop="false">
			<ActionReference Name="Walk" TargetX="${mascot.environment.workArea.left+100+Math.random()*300}" />
			<ActionReference Name="Stand" Duration="${20+Math.random()*20}" />
			<ActionReference Name="Look" LookRight="true" />
			<ActionReference Name="Stand" Duration="${20+Math.random()*20}" />
			<ActionReference Name="Sleep" Duration="${500+Math.random()*1000}" />
		</Action>

		<Action Name="WalkRightAlongFloorAndSit" Type="Sequence" Loop="false">
			<ActionReference Name="Walk" TargetX="${mascot.environment.workArea.right-100-Math.random()*300}" />
			<ActionReference Name="Stand" Duration="${20+Math.random()*20}" />
			<ActionReference Name="Look" LookRight="false" />
			<ActionReference Name="Stand" Duration="${20+Math.random()*20}" />
			<ActionReference Name="Sit2" Duration="${500+Math.random()*1000}" />
		</Action>

		<Action Name="GuraHungry" Type="Sequence" Loop="false">
			<ActionReference Name="SitAndLookAtMouse" Duration="${10+Math.random()*10}" />
			<ActionReference Name="Look" LookRight="${mascot.anchor.x &lt; mascot.environment.cursor.x}" />
			<ActionReference Name="SitAndLookAtMouse" Duration="${10+Math.random()*10}" />
			<ActionReference Name="Look" LookRight="${mascot.anchor.x &lt; mascot.environment.cursor.x}" />
			<ActionReference Name="SitAndLookAtMouse" Duration="${10+Math.random()*10}" />
			<ActionReference Name="Look" LookRight="${mascot.anchor.x &lt; mascot.environment.cursor.x}" />
			<ActionReference Name="SitAndLookAtMouse" Duration="${10+Math.random()*10}" />
			<ActionReference Name="Look" LookRight="${mascot.anchor.x &lt; mascot.environment.cursor.x}" />
			<ActionReference Name="SitAndLookAtMouse" Duration="${10+Math.random()*10}" />
			<ActionReference Name="Look" LookRight="${mascot.anchor.x &lt; mascot.environment.cursor.x}" />
			<ActionReference Name="SitAndLookAtMouse" Duration="${10+Math.random()*10}" />
			<ActionReference Name="Look" LookRight="${mascot.anchor.x &lt; mascot.environment.cursor.x}" />
			<ActionReference Name="SitAndLookAtMouse" Duration="${10+Math.random()*10}" />
			<ActionReference Name="Look" LookRight="${mascot.anchor.x &lt; mascot.environment.cursor.x}" />
			<ActionReference Name="SitAndLookAtMouse" Duration="${10+Math.random()*10}" />
			<ActionReference Name="Look" LookRight="${mascot.anchor.x &lt; mascot.environment.cursor.x}" />
			<ActionReference Name="SitAndLookAtMouse" Duration="${10+Math.random()*10}" />
			<ActionReference Name="Look" LookRight="${mascot.anchor.x &lt; mascot.environment.cursor.x}" />
			<ActionReference Name="SitAndLookAtMouse" Duration="${10+Math.random()*10}" />
			<ActionReference Name="Look" LookRight="${mascot.anchor.x &lt; mascot.environment.cursor.x}" />
			<ActionReference Name="Jumping" Duration="1000" TargetX="${ mascot.anchor.x+(mascot.environment.cursor.x-mascot.anchor.x)}" TargetY="${ mascot.anchor.y+(mascot.environment.cursor.y-mascot.anchor.y)}"/>
			<ActionReference Name="Jumping" Duration="1000" TargetX="${ mascot.anchor.x+(mascot.environment.cursor.x-mascot.anchor.x)}" TargetY="${ mascot.anchor.y+(mascot.environment.cursor.y-mascot.anchor.y)}"/>
			<ActionReference Name="Dash" TargetX="#{mascot.environment.cursor.x+Gap}"
				Gap="${ mascot.anchor.x &lt; mascot.environment.cursor.x ?
					-Math.min( mascot.environment.cursor.x-mascot.anchor.x, Math.random()*250) :
					Math.min( mascot.anchor.x-mascot.environment.cursor.x, Math.random()*250 ) }" />
			<ActionReference Name="Pinched2" Duration="${500+Math.random()*1000}" />
		</Action>

		<Action Name="WalkRightAlongFloorAndSitTalk1" Type="Sequence" Loop="false">
			<ActionReference Name="Walk" TargetX="${mascot.environment.workArea.right-100-Math.random()*300}" />
			<ActionReference Name="Stand" Duration="${20+Math.random()*20}" />
			<ActionReference Name="Look" LookRight="false" />
			<ActionReference Name="Stand" Duration="${20+Math.random()*20}" />
			<ActionReference Name="Sit2" Duration="${500+Math.random()*1000}" />
			<ActionReference Name="Sit2TextR1" Duration="${200+Math.random()*500}" />
			<ActionReference Name="Sit2" Duration="${500+Math.random()*1000}" />
		</Action>

		<Action Name="WalkRightAlongFloorAndSleep" Type="Sequence" Loop="false">
			<ActionReference Name="Walk" TargetX="${mascot.environment.workArea.right-100-Math.random()*300}" />
			<ActionReference Name="Stand" Duration="${20+Math.random()*20}" />
			<ActionReference Name="Look" LookRight="false" />
			<ActionReference Name="Stand" Duration="${20+Math.random()*20}" />
			<ActionReference Name="Sleep" Duration="${500+Math.random()*1000}" />
		</Action>

		<Action Name="GrabWorkAreaBottomLeftWall" Type="Sequence" Loop="false">
			<ActionReference Name="Walk" TargetX="#{mascot.environment.workArea.left}" />
			<ActionReference Name="ClimbWall" TargetY="#{mascot.environment.workArea.bottom-64}" />
		</Action>

		<Action Name="GrabWorkAreaBottomRightWall" Type="Sequence" Loop="false">
			<ActionReference Name="Walk" TargetX="#{mascot.environment.workArea.right}" />
			<ActionReference Name="ClimbWall" TargetY="#{mascot.environment.workArea.bottom-64}" />
		</Action>

		<Action Name="WalkLeftAndSit" Type="Sequence" Loop="false">
			<ActionReference Name="Run" TargetX="${mascot.environment.workArea.left+100+Math.random()*300}" />
			<ActionReference Name="Stand" Duration="${20+Math.random()*20}" />
			<ActionReference Name="Look" LookRight="true" />
			<ActionReference Name="Stand" Duration="${20+Math.random()*20}" />
			<ActionReference Name="Sit" Duration="${500+Math.random()*1000}" />
		</Action>

		<Action Name="WalkLeftAndSleep" Type="Sequence" Loop="false">
			<ActionReference Name="Run" TargetX="${mascot.environment.workArea.left+100+Math.random()*300}" />
			<ActionReference Name="Stand" Duration="${20+Math.random()*20}" />
			<ActionReference Name="Look" LookRight="true" />
			<ActionReference Name="Stand" Duration="${20+Math.random()*20}" />
			<ActionReference Name="Sleep" Duration="${500+Math.random()*1000}" />
		</Action>

		<Action Name="WalkRightAndSit" Type="Sequence" Loop="false">
			<ActionReference Name="Run" TargetX="${mascot.environment.workArea.right-100-Math.random()*300}" />
			<ActionReference Name="Stand" Duration="${20+Math.random()*20}" />
			<ActionReference Name="Look" LookRight="false" />
			<ActionReference Name="Stand" Duration="${20+Math.random()*20}" />
			<ActionReference Name="Sit" Duration="${500+Math.random()*1000}" />
		</Action>

		<Action Name="WalkRightAndSleep" Type="Sequence" Loop="false">
			<ActionReference Name="Run" TargetX="${mascot.environment.workArea.right-100-Math.random()*300}" />
			<ActionReference Name="Stand" Duration="${20+Math.random()*20}" />
			<ActionReference Name="Look" LookRight="false" />
			<ActionReference Name="Stand" Duration="${20+Math.random()*20}" />
			<ActionReference Name="Sleep" Duration="${500+Math.random()*1000}" />
		</Action>

		<Action Name="WalkAndGrabBottomLeftWall" Type="Sequence" Loop="false">
			<ActionReference Name="Run" TargetX="#{mascot.environment.workArea.left}" />
			<ActionReference Name="ClimbWall" TargetY="#{mascot.environment.workArea.bottom-64}" />
		</Action>

		<Action Name="WalkAndGrabBottomRightWall" Type="Sequence" Loop="false">
			<ActionReference Name="Run" TargetX="#{mascot.environment.workArea.right}" />
			<ActionReference Name="ClimbWall" TargetY="#{mascot.environment.workArea.bottom-64}" />
		</Action>

		<Action Name="JumpFromBottomOfIE" Type="Sequence" Loop="false">
			<ActionReference Name="Jumping" TargetX="${(mascot.anchor.x*3+mascot.environment.activeIE.left+Math.random()*mascot.environment.activeIE.width)/4}"
				 TargetY="${mascot.environment.activeIE.bottom}" />
			<ActionReference Name="GrabCeiling" Duration="${100+Math.random()*100}" />
		</Action>

		<Action Name="ClimbHalfwayAlongWall" Type="Sequence" Loop="false">
			<ActionReference Name="ClimbWall" TargetY="${mascot.environment.workArea.top+64 + Math.random()*(mascot.environment.workArea.height-128)}" />
		</Action>

		<Action Name="ClimbAlongWall" Type="Sequence" Loop="false">
			<ActionReference Name="ClimbWall" TargetY="#{mascot.environment.workArea.top+64}" />
			<ActionReference Name="Offset" Y="-64" />
			<ActionReference Name="Look" />
			<ActionReference Name="ClimbCeiling" TargetX="${mascot.lookRight ? mascot.environment.workArea.left+Math.random()*100 : mascot.environment.workArea.right-Math.random*100}" />
		</Action>

		<Action Name="ClimbAlongCeiling" Type="Sequence" Loop="false">
			<ActionReference Name="ClimbCeiling" TargetX="${mascot.environment.workArea.left+64+Math.random()*(mascot.environment.workArea.width-128)}" />
		</Action>

		<Action Name="WalkAlongIECeiling" Type="Sequence" Loop="false">
			<ActionReference Name="Walk" TargetX="${mascot.environment.activeIE.left+64+Math.random()*(mascot.environment.activeIE.width-128)}" />
		</Action>

		<Action Name="RunAlongIECeiling" Type="Sequence" Loop="false">
			<ActionReference Name="Run" TargetX="${mascot.environment.activeIE.left+64+Math.random()*(mascot.environment.activeIE.width-128)}" />
		</Action>

		<Action Name="CrawlAlongIECeiling" Type="Sequence" Loop="false">
			<ActionReference Name="Creep" TargetX="${mascot.environment.activeIE.left+64+Math.random()*(mascot.environment.activeIE.width-128)}" />
		</Action>

		<Action Name="SitOnTheLeftEdgeOfIE" Type="Sequence" Loop="false">
			<ActionReference Name="Walk" TargetX="${mascot.environment.activeIE.left+100+Math.random()*300}" />
			<ActionReference Name="Stand" Duration="${100+Math.random()*100}" />
			<ActionReference Name="Sit" Duration="${500+Math.random()*1000}" />
		</Action>

		<Action Name="SitOnTheRightEdgeOfIE" Type="Sequence" Loop="false">
			<ActionReference Name="Walk" TargetX="${mascot.environment.activeIE.right-100-Math.random()*300}" />
			<ActionReference Name="Stand" Duration="${100+Math.random()*100}" />
			<ActionReference Name="Sit" Duration="${500+Math.random()*1000}" />
		</Action>

		<Action Name="JumpFromLeftEdgeOfIE" Type="Sequence" Loop="false">
			<ActionReference Name="Walk" TargetX="${mascot.environment.activeIE.left+Math.random()*50}" />
			<ActionReference Name="Stand" Duration="${50+Math.random()*50}" />
			<ActionReference Name="Falling" InitialVX="${-15-Math.random()*5}" InitialVY="${-20-Math.random()*5}"/>
			<ActionReference Name="Bouncing" />
		</Action>

		<Action Name="JumpFromRightEdgeOfIE" Type="Sequence" Loop="false">
			<ActionReference Name="Walk" TargetX="${mascot.environment.activeIE.right-Math.random()*50}" />
			<ActionReference Name="Stand" Duration="${50+Math.random()*50}" />
			<ActionReference Name="Falling" InitialVX="${15+Math.random()*5}" InitialVY="${-20-Math.random()*5}"/>
			<ActionReference Name="Bouncing" />
		</Action>

		<Action Name="WalkLeftAlongIEAndSit" Type="Sequence" Loop="false">
			<ActionReference Name="Run" TargetX="${mascot.environment.activeIE.left+100+Math.random()*300}" />
			<ActionReference Name="Stand" Duration="${100+Math.random()*100}" />
			<ActionReference Name="Sit" Duration="${500+Math.random()*1000}" />
		</Action>

		<Action Name="WalkRightAlongIEAndSit" Type="Sequence" Loop="false">
			<ActionReference Name="Run" TargetX="${mascot.environment.activeIE.right-100-Math.random()*300}" />
			<ActionReference Name="Stand" Duration="${100+Math.random()*100}" />
			<ActionReference Name="Sit" Duration="${500+Math.random()*1000}" />
		</Action>

		<Action Name="WalkLeftAlongIEAndJump" Type="Sequence" Loop="false">
			<ActionReference Name="Run" TargetX="${mascot.environment.activeIE.left+Math.random()*50}" />
			<ActionReference Name="Falling" InitialVX="${-15-Math.random()*5}" InitialVY="${-20-Math.random()*5}"/>
			<ActionReference Name="Bouncing" />
		</Action>

		<Action Name="WalkRightAlongIEAndJump" Type="Sequence" Loop="false">
			<ActionReference Name="Run" TargetX="${mascot.environment.activeIE.right-Math.random()*50}" />
			<ActionReference Name="Falling" InitialVX="${15+Math.random()*5}" InitialVY="${-20-Math.random()*5}"/>
			<ActionReference Name="Bouncing" />
		</Action>

		<Action Name="DashIeCeilingLeftEdgeFromJump" Type="Sequence" Loop="false">
			<ActionReference Name="Dash" TargetX="${mascot.environment.activeIE.left+Math.random()*20+20}" />
			<ActionReference Name="Falling" InitialVX="${-5-Math.random()*2}" InitialVY="${-20-Math.random()*5}"/>
			<ActionReference Name="Bouncing" />
		</Action>

		<Action Name="DashIeCeilingRightEdgeFromJump" Type="Sequence" Loop="false">
			<ActionReference Name="Dash" TargetX="${mascot.environment.activeIE.right-Math.random()*20-20}" />
			<ActionReference Name="Falling" InitialVX="${5+Math.random()*2}" InitialVY="${-20-Math.random()*5}"/>
			<ActionReference Name="Bouncing" />
		</Action>

		<Action Name="HoldOntoIEWall" Type="Sequence" Loop="false">
			<ActionReference Name="ClimbWall" TargetY="${mascot.environment.activeIE.top+64 + Math.random()*(mascot.environment.activeIE.height-128)}" />
		</Action>

		<Action Name="ClimbIEWall" Type="Sequence" Loop="false">
			<ActionReference Name="ClimbWall" TargetY="#{mascot.environment.activeIE.top+64}" />
			<ActionReference Name="Offset" Y="-64" />
			<ActionReference Name="Sit" Duration="5" />
			<ActionReference Name="Stand" Duration="${10+Math.random()*10}" />
			<ActionReference Name="Walk" TargetX="${mascot.lookRight ? mascot.environment.activeIE.left+Math.random()*100 : mascot.environment.activeIE.right-Math.random*100}" />
		</Action>

		<Action Name="ClimbIEBottom" Type="Sequence" Loop="false">
			<ActionReference Name="ClimbCeiling" TargetX="${mascot.environment.activeIE.left+64+(Math.random()*mascot.environment.activeIE.width-128)}" />
		</Action>

		<Action Name="GrabIEBottomLeftWall" Type="Sequence" Loop="false">
			<ActionReference Name="ClimbCeiling" TargetX="#{mascot.environment.activeIE.left}" />
			<ActionReference Name="Look" />
			<ActionReference Name="ClimbWall" TargetY="#{mascot.environment.activeIE.bottom-64}" />
		</Action>

		<Action Name="GrabIEBottomRightWall" Type="Sequence" Loop="false">
			<ActionReference Name="ClimbCeiling" TargetX="#{mascot.environment.activeIE.right}" />
			<ActionReference Name="Look" />
			<ActionReference Name="ClimbWall" TargetY="#{mascot.environment.activeIE.bottom-64}" />
		</Action>

		<Action Name="JumpFromLeftWall" Type="Sequence" Loop="false">
			<ActionReference Name="Jumping" TargetX="${mascot.environment.workArea.left}" TargetY="${mascot.environment.workArea.bottom-Math.random()*mascot.environment.workArea.height/4}" />
			<ActionReference Name="GrabWall" Duration="${100+Math.random()*100}" />
		</Action>

		<Action Name="JumpFromRightWall" Type="Sequence" Loop="false">
			<ActionReference Name="Jumping" TargetX="${mascot.environment.workArea.right}" TargetY="${mascot.environment.workArea.bottom-Math.random()*mascot.environment.workArea.height/4}" />
			<ActionReference Name="GrabWall" Duration="${100+Math.random()*100}" />
		</Action>

		<Action Name="JumpOnIELeftWall" Type="Sequence" Loop="false">
			<ActionReference Name="Jumping" TargetX="${mascot.environment.activeIE.left}" TargetY="${mascot.environment.activeIE.bottom-Math.random()*mascot.environment.activeIE.height/4}" />
			<ActionReference Name="GrabWall" Duration="${100+Math.random()*100}" />
		</Action>

		<Action Name="JumpOnIERightWall" Type="Sequence" Loop="false">
			<ActionReference Name="Jumping" TargetX="${mascot.environment.activeIE.right}" TargetY="${mascot.environment.activeIE.bottom-Math.random()*mascot.environment.activeIE.height/4}" />
			<ActionReference Name="GrabWall" Duration="${100+Math.random()*100}" />
		</Action>

		<Action Name="ThrowIEFromLeft" Type="Sequence" Loop="false">
			<ActionReference Name="Jumping" TargetX="${mascot.environment.activeIE.left}" TargetY="${mascot.environment.activeIE.bottom+64}" />
			<ActionReference Name="FallWithIe" />
			<ActionReference Name="WalkWithIe" TargetX="#{mascot.environment.workArea.right-400}" />
			<ActionReference Name="ThrowIe" />
			<ActionReference Name="Stand" Duration="${50+Math.random()*50}" />
			<ActionReference Name="Look" />
			<ActionReference Name="Stand" Duration="${50+Math.random()*50}" />
		</Action>
		<Action Name="ThrowIEFromRight" Type="Sequence" Loop="false">
			<ActionReference Name="Jumping" TargetX="${mascot.environment.activeIE.right}" TargetY="${mascot.environment.activeIE.bottom+64}" />
			<ActionReference Name="FallWithIe" />
			<ActionReference Name="WalkWithIe" TargetX="#{mascot.environment.workArea.left+400}" />
			<ActionReference Name="ThrowIe" />
			<ActionReference Name="Stand" Duration="${50+Math.random()*50}" />
			<ActionReference Name="Look" />
			<ActionReference Name="Stand" Duration="${50+Math.random()*50}" />
		</Action>
		<Action Name="WalkAndThrowIEFromRight" Type="Sequence" Loop="false">
			<ActionReference Name="Jumping" TargetX="${mascot.environment.activeIE.left}" TargetY="${mascot.environment.activeIE.bottom+64}" />
			<ActionReference Name="FallWithIe" />
			<ActionReference Name="RunWithIe" TargetX="#{mascot.environment.workArea.right-400}" />
			<ActionReference Name="ThrowIe" />
			<ActionReference Name="Stand" Duration="${50+Math.random()*50}" />
			<ActionReference Name="Look" />
			<ActionReference Name="Stand" Duration="${50+Math.random()*50}" />
		</Action>
		<Action Name="WalkAndThrowIEFromLeft" Type="Sequence" Loop="false">
			<ActionReference Name="Jumping" TargetX="${mascot.environment.activeIE.right}" TargetY="${mascot.environment.activeIE.bottom+64}" />
			<ActionReference Name="FallWithIe" />
			<ActionReference Name="RunWithIe" TargetX="#{mascot.environment.workArea.left+400}" />
			<ActionReference Name="ThrowIe" />
			<ActionReference Name="Stand" Duration="${50+Math.random()*50}" />
			<ActionReference Name="Look" />
			<ActionReference Name="Stand" Duration="${50+Math.random()*50}" />
		</Action>

		<Action Name="SummonBloop" Type="Sequence" Loop="false">
			<ActionReference Name="Summoning"/>
			<Action Type="Sequence" Condition="${mascot.environment.ceiling.isOn(mascot.anchor) || mascot.environment.activeIE.bottomBorder.isOn(mascot.anchor)}">
				<ActionReference Name="Offset" Y="1" />
				<ActionReference Name="Falling"/>
				<ActionReference Name="Bouncing" />
			</Action>
			<Action Type="Sequence" Condition="${mascot.environment.workArea.leftBorder.isOn(mascot.anchor) || mascot.environment.activeIE.rightBorder.isOn(mascot.anchor)}">
				<ActionReference Name="Offset" X="1" />
				<ActionReference Name="Falling"/>
				<ActionReference Name="Bouncing" />
			</Action>
			<Action Type="Sequence" Condition="${mascot.environment.workArea.rightBorder.isOn(mascot.anchor) || mascot.environment.activeIE.leftBorder.isOn(mascot.anchor)}">
				<ActionReference Name="Offset" X="-1" />
				<ActionReference Name="Falling"/>
				<ActionReference Name="Bouncing" />
			</Action>
			<Action Type="Select">
				<ActionReference Name="DashIeCeilingLeftEdgeFromJump"
					Condition="${mascot.environment.activeIE.topBorder.isOn(mascot.anchor) &amp;&amp;
					mascot.anchor.x &lt; (mascot.environment.activeIE.left+mascot.environment.activeIE.right)/2}"/>
				<ActionReference Name="DashIeCeilingRightEdgeFromJump"
					Condition="${mascot.environment.activeIE.topBorder.isOn(mascot.anchor) &amp;&amp;
					mascot.anchor.x &gt;= (mascot.environment.activeIE.left+mascot.environment.activeIE.right)/2}" />
			</Action>
			<ActionReference Name="Dash" TargetX="${ mascot.anchor.x+(mascot.environment.cursor.x-mascot.anchor.x)*Math.random()/2 }" />
			<ActionReference Name="Tripping" Condition="${Math.random() &lt; 0.05}" />
			<ActionReference Name="Dash" TargetX="${ mascot.anchor.x+(mascot.environment.cursor.x-mascot.anchor.x)*Math.random() }" />
			<ActionReference Name="Tripping" Condition="${Math.random() &lt; 0.05}" />
			<ActionReference Name="Dash" TargetX="#{mascot.environment.cursor.x+Gap}"
				Gap="${ mascot.anchor.x &lt; mascot.environment.cursor.x ?
					-Math.min( mascot.environment.cursor.x-mascot.anchor.x, Math.random()*200) :
					Math.min( mascot.anchor.x-mascot.environment.cursor.x, Math.random()*200 ) }" />
			<ActionReference Name="Tripping" Duration="100" />
			<ActionReference Name="Sit" Duration="${500+Math.random()*1000}" />
		</Action>

		<Action Name="HungryGura" Type="Sequence" Loop="false">
			<ActionReference Name="Jumping" Duration="1000" TargetX="${ mascot.anchor.x+(mascot.environment.cursor.x-mascot.anchor.x)}" TargetY="${ mascot.anchor.y+(mascot.environment.cursor.y-mascot.anchor.y)}"/>
			<ActionReference Name="Jumping" Duration="1000" TargetX="${ mascot.anchor.x+(mascot.environment.cursor.x-mascot.anchor.x)}" TargetY="${ mascot.anchor.y+(mascot.environment.cursor.y-mascot.anchor.y)}"/>
			<ActionReference Name="Dash" TargetX="#{mascot.environment.cursor.x+Gap}"
				Gap="${ mascot.anchor.x &lt; mascot.environment.cursor.x ?
					-Math.min( mascot.environment.cursor.x-mascot.anchor.x, Math.random()*250) :
					Math.min( mascot.anchor.x-mascot.environment.cursor.x, Math.random()*250 ) }" />
			<ActionReference Name="Pinched2" Duration="${500+Math.random()*1000}" />
		</Action>

		<Action Name="AnnoyingGuraGame" Type="Sequence" Loop="false">
			<ActionReference Name="Look" LookRight="false" />
			<ActionReference Name="SitGame1" Duration="80" />
			<ActionReference Name="SitGame2" Duration="30" />
			<ActionReference Name="SitGame3" Duration="30" />
			<ActionReference Name="SitGame4" Duration="30" />
			<ActionReference Name="Jumping" Duration="1000" TargetX="${ mascot.anchor.x+(mascot.environment.cursor.x-mascot.anchor.x)}" TargetY="${ mascot.anchor.y+(mascot.environment.cursor.y-mascot.anchor.y)}"/>
			<ActionReference Name="Jumping" Duration="1000" TargetX="${ mascot.anchor.x+(mascot.environment.cursor.x-mascot.anchor.x)}" TargetY="${ mascot.anchor.y+(mascot.environment.cursor.y-mascot.anchor.y)}"/>
			<ActionReference Name="Jumping" Duration="1000" TargetX="${ mascot.anchor.x+(mascot.environment.cursor.x-mascot.anchor.x)}" TargetY="${ mascot.anchor.y+(mascot.environment.cursor.y-mascot.anchor.y)}"/>
			<ActionReference Name="Jumping" Duration="1000" TargetX="${ mascot.anchor.x+(mascot.environment.cursor.x-mascot.anchor.x)}" TargetY="${ mascot.anchor.y+(mascot.environment.cursor.y-mascot.anchor.y)}"/>
			<ActionReference Name="Jumping" Duration="1000" TargetX="${ mascot.anchor.x+(mascot.environment.cursor.x-mascot.anchor.x)}" TargetY="${ mascot.anchor.y+(mascot.environment.cursor.y-mascot.anchor.y)}"/>
			<ActionReference Name="Jumping" Duration="1000" TargetX="${ mascot.anchor.x+(mascot.environment.cursor.x-mascot.anchor.x)}" TargetY="${ mascot.anchor.y+(mascot.environment.cursor.y-mascot.anchor.y)}"/>
			<ActionReference Name="Jumping" Duration="1000" TargetX="${ mascot.anchor.x+(mascot.environment.cursor.x-mascot.anchor.x)}" TargetY="${ mascot.anchor.y+(mascot.environment.cursor.y-mascot.anchor.y)}"/>
			<ActionReference Name="Jumping" Duration="1000" TargetX="${ mascot.anchor.x+(mascot.environment.cursor.x-mascot.anchor.x)}" TargetY="${ mascot.anchor.y+(mascot.environment.cursor.y-mascot.anchor.y)}"/>
			<ActionReference Name="Jumping" Duration="1000" TargetX="${ mascot.anchor.x+(mascot.environment.cursor.x-mascot.anchor.x)}" TargetY="${ mascot.anchor.y+(mascot.environment.cursor.y-mascot.anchor.y)}"/>
			<ActionReference Name="Jumping" Duration="1000" TargetX="${ mascot.anchor.x+(mascot.environment.cursor.x-mascot.anchor.x)}" TargetY="${ mascot.anchor.y+(mascot.environment.cursor.y-mascot.anchor.y)}"/>
			<ActionReference Name="Jumping" Duration="1000" TargetX="${ mascot.anchor.x+(mascot.environment.cursor.x-mascot.anchor.x)}" TargetY="${ mascot.anchor.y+(mascot.environment.cursor.y-mascot.anchor.y)}"/>
			<ActionReference Name="Jumping" Duration="1000" TargetX="${ mascot.anchor.x+(mascot.environment.cursor.x-mascot.anchor.x)}" TargetY="${ mascot.anchor.y+(mascot.environment.cursor.y-mascot.anchor.y)}"/>
			<ActionReference Name="Jumping" Duration="1000" TargetX="${ mascot.anchor.x+(mascot.environment.cursor.x-mascot.anchor.x)}" TargetY="${ mascot.anchor.y+(mascot.environment.cursor.y-mascot.anchor.y)}"/>
			<ActionReference Name="Jumping" Duration="1000" TargetX="${ mascot.anchor.x+(mascot.environment.cursor.x-mascot.anchor.x)}" TargetY="${ mascot.anchor.y+(mascot.environment.cursor.y-mascot.anchor.y)}"/>
			<ActionReference Name="Jumping" Duration="1000" TargetX="${ mascot.anchor.x+(mascot.environment.cursor.x-mascot.anchor.x)}" TargetY="${ mascot.anchor.y+(mascot.environment.cursor.y-mascot.anchor.y)}"/>
			<ActionReference Name="Jumping" Duration="1000" TargetX="${ mascot.anchor.x+(mascot.environment.cursor.x-mascot.anchor.x)}" TargetY="${ mascot.anchor.y+(mascot.environment.cursor.y-mascot.anchor.y)}"/>
			<ActionReference Name="Jumping" Duration="1000" TargetX="${ mascot.anchor.x+(mascot.environment.cursor.x-mascot.anchor.x)}" TargetY="${ mascot.anchor.y+(mascot.environment.cursor.y-mascot.anchor.y)}"/>
			<ActionReference Name="Jumping" Duration="1000" TargetX="${ mascot.anchor.x+(mascot.environment.cursor.x-mascot.anchor.x)}" TargetY="${ mascot.anchor.y+(mascot.environment.cursor.y-mascot.anchor.y)}"/>
			<ActionReference Name="Jumping" Duration="1000" TargetX="${ mascot.anchor.x+(mascot.environment.cursor.x-mascot.anchor.x)}" TargetY="${ mascot.anchor.y+(mascot.environment.cursor.y-mascot.anchor.y)}"/>
			<ActionReference Name="Jumping" Duration="1000" TargetX="${ mascot.anchor.x+(mascot.environment.cursor.x-mascot.anchor.x)}" TargetY="${ mascot.anchor.y+(mascot.environment.cursor.y-mascot.anchor.y)}"/>
			<ActionReference Name="Jumping" Duration="1000" TargetX="${ mascot.anchor.x+(mascot.environment.cursor.x-mascot.anchor.x)}" TargetY="${ mascot.anchor.y+(mascot.environment.cursor.y-mascot.anchor.y)}"/>
			<ActionReference Name="Jumping" Duration="1000" TargetX="${ mascot.anchor.x+(mascot.environment.cursor.x-mascot.anchor.x)}" TargetY="${ mascot.anchor.y+(mascot.environment.cursor.y-mascot.anchor.y)}"/>
			<ActionReference Name="Jumping" Duration="1000" TargetX="${ mascot.anchor.x+(mascot.environment.cursor.x-mascot.anchor.x)}" TargetY="${ mascot.anchor.y+(mascot.environment.cursor.y-mascot.anchor.y)}"/>
			<ActionReference Name="Jumping" Duration="1000" TargetX="${ mascot.anchor.x+(mascot.environment.cursor.x-mascot.anchor.x)}" TargetY="${ mascot.anchor.y+(mascot.environment.cursor.y-mascot.anchor.y)}"/>
			<ActionReference Name="Jumping" Duration="1000" TargetX="${ mascot.anchor.x+(mascot.environment.cursor.x-mascot.anchor.x)}" TargetY="${ mascot.anchor.y+(mascot.environment.cursor.y-mascot.anchor.y)}"/>
			<ActionReference Name="Jumping" Duration="1000" TargetX="${ mascot.anchor.x+(mascot.environment.cursor.x-mascot.anchor.x)}" TargetY="${ mascot.anchor.y+(mascot.environment.cursor.y-mascot.anchor.y)}"/>
			<ActionReference Name="Jumping" Duration="1000" TargetX="${ mascot.anchor.x+(mascot.environment.cursor.x-mascot.anchor.x)}" TargetY="${ mascot.anchor.y+(mascot.environment.cursor.y-mascot.anchor.y)}"/>
			<ActionReference Name="Jumping" Duration="1000" TargetX="${ mascot.anchor.x+(mascot.environment.cursor.x-mascot.anchor.x)}" TargetY="${ mascot.anchor.y+(mascot.environment.cursor.y-mascot.anchor.y)}"/>
			<ActionReference Name="Jumping" Duration="1000" TargetX="${ mascot.anchor.x+(mascot.environment.cursor.x-mascot.anchor.x)}" TargetY="${ mascot.anchor.y+(mascot.environment.cursor.y-mascot.anchor.y)}"/>
			<ActionReference Name="Jumping" Duration="1000" TargetX="${ mascot.anchor.x+(mascot.environment.cursor.x-mascot.anchor.x)}" TargetY="${ mascot.anchor.y+(mascot.environment.cursor.y-mascot.anchor.y)}"/>
			<ActionReference Name="Jumping" Duration="1000" TargetX="${ mascot.anchor.x+(mascot.environment.cursor.x-mascot.anchor.x)}" TargetY="${ mascot.anchor.y+(mascot.environment.cursor.y-mascot.anchor.y)}"/>
			<ActionReference Name="Jumping" Duration="1000" TargetX="${ mascot.anchor.x+(mascot.environment.cursor.x-mascot.anchor.x)}" TargetY="${ mascot.anchor.y+(mascot.environment.cursor.y-mascot.anchor.y)}"/>
			<ActionReference Name="Jumping" Duration="1000" TargetX="${ mascot.anchor.x+(mascot.environment.cursor.x-mascot.anchor.x)}" TargetY="${ mascot.anchor.y+(mascot.environment.cursor.y-mascot.anchor.y)}"/>
			<ActionReference Name="Jumping" Duration="1000" TargetX="${ mascot.anchor.x+(mascot.environment.cursor.x-mascot.anchor.x)}" TargetY="${ mascot.anchor.y+(mascot.environment.cursor.y-mascot.anchor.y)}"/>
			<ActionReference Name="Dash" TargetX="#{mascot.environment.cursor.x+Gap}"
				Gap="${ mascot.anchor.x &lt; mascot.environment.cursor.x ?
					-Math.min( mascot.environment.cursor.x-mascot.anchor.x, Math.random()*250) :
					Math.min( mascot.anchor.x-mascot.environment.cursor.x, Math.random()*250 ) }" />
			<ActionReference Name="Pinched2" Duration="${500+Math.random()*1000}" />
		</Action>
		
		<Action Name="AnnoyingGura1" Type="Sequence" Loop="false">
			<ActionReference Name="Run" TargetX="${mascot.environment.workArea.left}" />
			<ActionReference Name="ClimbWall" TargetY="${mascot.environment.workArea.top+64 + Math.random()*(mascot.environment.workArea.height-128)}" />
			<ActionReference Name="AnnoyingJump" Duration="1000" TargetX="${ mascot.anchor.x+(mascot.environment.cursor.x-mascot.anchor.x)}" TargetY="${ mascot.anchor.y+(mascot.environment.cursor.y-mascot.anchor.y)}"/>
			<ActionReference Name="AnnoyingJump" Duration="1000" TargetX="${ mascot.anchor.x+(mascot.environment.cursor.x-mascot.anchor.x)}" TargetY="${ mascot.anchor.y+(mascot.environment.cursor.y-mascot.anchor.y)}"/>
			<ActionReference Name="AnnoyingJump" Duration="1000" TargetX="${ mascot.anchor.x+(mascot.environment.cursor.x-mascot.anchor.x)}" TargetY="${ mascot.anchor.y+(mascot.environment.cursor.y-mascot.anchor.y)}"/>
			<ActionReference Name="AnnoyingJump" Duration="1000" TargetX="${ mascot.anchor.x+(mascot.environment.cursor.x-mascot.anchor.x)}" TargetY="${ mascot.anchor.y+(mascot.environment.cursor.y-mascot.anchor.y)}"/>
			<ActionReference Name="AnnoyingJump" Duration="1000" TargetX="${ mascot.anchor.x+(mascot.environment.cursor.x-mascot.anchor.x)}" TargetY="${ mascot.anchor.y+(mascot.environment.cursor.y-mascot.anchor.y)}"/>
			<ActionReference Name="AnnoyingJump" Duration="1000" TargetX="${ mascot.anchor.x+(mascot.environment.cursor.x-mascot.anchor.x)}" TargetY="${ mascot.anchor.y+(mascot.environment.cursor.y-mascot.anchor.y)}"/>
			<ActionReference Name="AnnoyingJump" Duration="1000" TargetX="${ mascot.anchor.x+(mascot.environment.cursor.x-mascot.anchor.x)}" TargetY="${ mascot.anchor.y+(mascot.environment.cursor.y-mascot.anchor.y)}"/>
			<ActionReference Name="AnnoyingJump" Duration="1000" TargetX="${ mascot.anchor.x+(mascot.environment.cursor.x-mascot.anchor.x)}" TargetY="${ mascot.anchor.y+(mascot.environment.cursor.y-mascot.anchor.y)}"/>
			<ActionReference Name="AnnoyingJump" Duration="1000" TargetX="${ mascot.anchor.x+(mascot.environment.cursor.x-mascot.anchor.x)}" TargetY="${ mascot.anchor.y+(mascot.environment.cursor.y-mascot.anchor.y)}"/>
			<ActionReference Name="AnnoyingJump" Duration="1000" TargetX="${ mascot.anchor.x+(mascot.environment.cursor.x-mascot.anchor.x)}" TargetY="${ mascot.anchor.y+(mascot.environment.cursor.y-mascot.anchor.y)}"/>
			<ActionReference Name="AnnoyingJump" Duration="1000" TargetX="${ mascot.anchor.x+(mascot.environment.cursor.x-mascot.anchor.x)}" TargetY="${ mascot.anchor.y+(mascot.environment.cursor.y-mascot.anchor.y)}"/>
			<ActionReference Name="AnnoyingJump" Duration="1000" TargetX="${ mascot.anchor.x+(mascot.environment.cursor.x-mascot.anchor.x)}" TargetY="${ mascot.anchor.y+(mascot.environment.cursor.y-mascot.anchor.y)}"/>
			<ActionReference Name="AnnoyingJump" Duration="1000" TargetX="${ mascot.anchor.x+(mascot.environment.cursor.x-mascot.anchor.x)}" TargetY="${ mascot.anchor.y+(mascot.environment.cursor.y-mascot.anchor.y)}"/>
			<ActionReference Name="AnnoyingJump" Duration="1000" TargetX="${ mascot.anchor.x+(mascot.environment.cursor.x-mascot.anchor.x)}" TargetY="${ mascot.anchor.y+(mascot.environment.cursor.y-mascot.anchor.y)}"/>
			<ActionReference Name="Dash" TargetX="#{mascot.environment.cursor.x+Gap}"
				Gap="${ mascot.anchor.x &lt; mascot.environment.cursor.x ?
					-Math.min( mascot.environment.cursor.x-mascot.anchor.x, Math.random()*250) :
					Math.min( mascot.anchor.x-mascot.environment.cursor.x, Math.random()*250 ) }" />
			<ActionReference Name="Pinched3" Duration="${500+Math.random()*1000}" />
		</Action>
		
		<Action Name="AnnoyingGura2" Type="Sequence" Loop="false">
			<ActionReference Name="Run" TargetX="${mascot.environment.workArea.right}" />
			<ActionReference Name="ClimbWall" TargetY="${mascot.environment.workArea.top+64 + Math.random()*(mascot.environment.workArea.height-128)}" />
			<ActionReference Name="AnnoyingJump" Duration="1000" TargetX="${ mascot.anchor.x+(mascot.environment.cursor.x-mascot.anchor.x)}" TargetY="${ mascot.anchor.y+(mascot.environment.cursor.y-mascot.anchor.y)}"/>
			<ActionReference Name="AnnoyingJump" Duration="1000" TargetX="${ mascot.anchor.x+(mascot.environment.cursor.x-mascot.anchor.x)}" TargetY="${ mascot.anchor.y+(mascot.environment.cursor.y-mascot.anchor.y)}"/>
			<ActionReference Name="AnnoyingJump" Duration="1000" TargetX="${ mascot.anchor.x+(mascot.environment.cursor.x-mascot.anchor.x)}" TargetY="${ mascot.anchor.y+(mascot.environment.cursor.y-mascot.anchor.y)}"/>
			<ActionReference Name="AnnoyingJump" Duration="1000" TargetX="${ mascot.anchor.x+(mascot.environment.cursor.x-mascot.anchor.x)}" TargetY="${ mascot.anchor.y+(mascot.environment.cursor.y-mascot.anchor.y)}"/>
			<ActionReference Name="AnnoyingJump" Duration="1000" TargetX="${ mascot.anchor.x+(mascot.environment.cursor.x-mascot.anchor.x)}" TargetY="${ mascot.anchor.y+(mascot.environment.cursor.y-mascot.anchor.y)}"/>
			<ActionReference Name="AnnoyingJump" Duration="1000" TargetX="${ mascot.anchor.x+(mascot.environment.cursor.x-mascot.anchor.x)}" TargetY="${ mascot.anchor.y+(mascot.environment.cursor.y-mascot.anchor.y)}"/>
			<ActionReference Name="AnnoyingJump" Duration="1000" TargetX="${ mascot.anchor.x+(mascot.environment.cursor.x-mascot.anchor.x)}" TargetY="${ mascot.anchor.y+(mascot.environment.cursor.y-mascot.anchor.y)}"/>
			<ActionReference Name="AnnoyingJump" Duration="1000" TargetX="${ mascot.anchor.x+(mascot.environment.cursor.x-mascot.anchor.x)}" TargetY="${ mascot.anchor.y+(mascot.environment.cursor.y-mascot.anchor.y)}"/>
			<ActionReference Name="AnnoyingJump" Duration="1000" TargetX="${ mascot.anchor.x+(mascot.environment.cursor.x-mascot.anchor.x)}" TargetY="${ mascot.anchor.y+(mascot.environment.cursor.y-mascot.anchor.y)}"/>
			<ActionReference Name="AnnoyingJump" Duration="1000" TargetX="${ mascot.anchor.x+(mascot.environment.cursor.x-mascot.anchor.x)}" TargetY="${ mascot.anchor.y+(mascot.environment.cursor.y-mascot.anchor.y)}"/>
			<ActionReference Name="AnnoyingJump" Duration="1000" TargetX="${ mascot.anchor.x+(mascot.environment.cursor.x-mascot.anchor.x)}" TargetY="${ mascot.anchor.y+(mascot.environment.cursor.y-mascot.anchor.y)}"/>
			<ActionReference Name="AnnoyingJump" Duration="1000" TargetX="${ mascot.anchor.x+(mascot.environment.cursor.x-mascot.anchor.x)}" TargetY="${ mascot.anchor.y+(mascot.environment.cursor.y-mascot.anchor.y)}"/>
			<ActionReference Name="AnnoyingJump" Duration="1000" TargetX="${ mascot.anchor.x+(mascot.environment.cursor.x-mascot.anchor.x)}" TargetY="${ mascot.anchor.y+(mascot.environment.cursor.y-mascot.anchor.y)}"/>
			<ActionReference Name="AnnoyingJump" Duration="1000" TargetX="${ mascot.anchor.x+(mascot.environment.cursor.x-mascot.anchor.x)}" TargetY="${ mascot.anchor.y+(mascot.environment.cursor.y-mascot.anchor.y)}"/>
			<ActionReference Name="AnnoyingJump" Duration="1000" TargetX="${ mascot.anchor.x+(mascot.environment.cursor.x-mascot.anchor.x)}" TargetY="${ mascot.anchor.y+(mascot.environment.cursor.y-mascot.anchor.y)}"/>
			<ActionReference Name="AnnoyingJump" Duration="1000" TargetX="${ mascot.anchor.x+(mascot.environment.cursor.x-mascot.anchor.x)}" TargetY="${ mascot.anchor.y+(mascot.environment.cursor.y-mascot.anchor.y)}"/>
			<ActionReference Name="AnnoyingJump" Duration="1000" TargetX="${ mascot.anchor.x+(mascot.environment.cursor.x-mascot.anchor.x)}" TargetY="${ mascot.anchor.y+(mascot.environment.cursor.y-mascot.anchor.y)}"/>
			<ActionReference Name="Dash" TargetX="#{mascot.environment.cursor.x+Gap}"
				Gap="${ mascot.anchor.x &lt; mascot.environment.cursor.x ?
					-Math.min( mascot.environment.cursor.x-mascot.anchor.x, Math.random()*250) :
					Math.min( mascot.anchor.x-mascot.environment.cursor.x, Math.random()*250 ) }" />
			<ActionReference Name="Pinched3" Duration="${500+Math.random()*1000}" />
		</Action>
		
		<Action Name="AnnoyingGura3" Type="Sequence" Loop="false">
			<ActionReference Name="Run" TargetX="${mascot.environment.workArea.right}" />
			<ActionReference Name="AnnoyingJump" Duration="1000" TargetX="${ mascot.anchor.x+(mascot.environment.cursor.x-mascot.anchor.x)}" TargetY="${ mascot.anchor.y+(mascot.environment.cursor.y-mascot.anchor.y)}"/>
			<ActionReference Name="AnnoyingJump" Duration="1000" TargetX="${ mascot.anchor.x+(mascot.environment.cursor.x-mascot.anchor.x)}" TargetY="${ mascot.anchor.y+(mascot.environment.cursor.y-mascot.anchor.y)}"/>
			<ActionReference Name="AnnoyingJump" Duration="1000" TargetX="${ mascot.anchor.x+(mascot.environment.cursor.x-mascot.anchor.x)}" TargetY="${ mascot.anchor.y+(mascot.environment.cursor.y-mascot.anchor.y)}"/>
			<ActionReference Name="AnnoyingJump" Duration="1000" TargetX="${ mascot.anchor.x+(mascot.environment.cursor.x-mascot.anchor.x)}" TargetY="${ mascot.anchor.y+(mascot.environment.cursor.y-mascot.anchor.y)}"/>
			<ActionReference Name="AnnoyingJump" Duration="1000" TargetX="${ mascot.anchor.x+(mascot.environment.cursor.x-mascot.anchor.x)}" TargetY="${ mascot.anchor.y+(mascot.environment.cursor.y-mascot.anchor.y)}"/>
			<ActionReference Name="AnnoyingJump" Duration="1000" TargetX="${ mascot.anchor.x+(mascot.environment.cursor.x-mascot.anchor.x)}" TargetY="${ mascot.anchor.y+(mascot.environment.cursor.y-mascot.anchor.y)}"/>
			<ActionReference Name="AnnoyingJump" Duration="1000" TargetX="${ mascot.anchor.x+(mascot.environment.cursor.x-mascot.anchor.x)}" TargetY="${ mascot.anchor.y+(mascot.environment.cursor.y-mascot.anchor.y)}"/>
			<ActionReference Name="AnnoyingJump" Duration="1000" TargetX="${ mascot.anchor.x+(mascot.environment.cursor.x-mascot.anchor.x)}" TargetY="${ mascot.anchor.y+(mascot.environment.cursor.y-mascot.anchor.y)}"/>
			<ActionReference Name="AnnoyingJump" Duration="1000" TargetX="${ mascot.anchor.x+(mascot.environment.cursor.x-mascot.anchor.x)}" TargetY="${ mascot.anchor.y+(mascot.environment.cursor.y-mascot.anchor.y)}"/>
			<ActionReference Name="AnnoyingJump" Duration="1000" TargetX="${ mascot.anchor.x+(mascot.environment.cursor.x-mascot.anchor.x)}" TargetY="${ mascot.anchor.y+(mascot.environment.cursor.y-mascot.anchor.y)}"/>
			<ActionReference Name="AnnoyingJump" Duration="1000" TargetX="${ mascot.anchor.x+(mascot.environment.cursor.x-mascot.anchor.x)}" TargetY="${ mascot.anchor.y+(mascot.environment.cursor.y-mascot.anchor.y)}"/>
			<ActionReference Name="AnnoyingJump" Duration="1000" TargetX="${ mascot.anchor.x+(mascot.environment.cursor.x-mascot.anchor.x)}" TargetY="${ mascot.anchor.y+(mascot.environment.cursor.y-mascot.anchor.y)}"/>
			<ActionReference Name="AnnoyingJump" Duration="1000" TargetX="${ mascot.anchor.x+(mascot.environment.cursor.x-mascot.anchor.x)}" TargetY="${ mascot.anchor.y+(mascot.environment.cursor.y-mascot.anchor.y)}"/>
			<ActionReference Name="AnnoyingJump" Duration="1000" TargetX="${ mascot.anchor.x+(mascot.environment.cursor.x-mascot.anchor.x)}" TargetY="${ mascot.anchor.y+(mascot.environment.cursor.y-mascot.anchor.y)}"/>
			<ActionReference Name="AnnoyingJump" Duration="1000" TargetX="${ mascot.anchor.x+(mascot.environment.cursor.x-mascot.anchor.x)}" TargetY="${ mascot.anchor.y+(mascot.environment.cursor.y-mascot.anchor.y)}"/>
			<ActionReference Name="AnnoyingJump" Duration="1000" TargetX="${ mascot.anchor.x+(mascot.environment.cursor.x-mascot.anchor.x)}" TargetY="${ mascot.anchor.y+(mascot.environment.cursor.y-mascot.anchor.y)}"/>
			<ActionReference Name="Dash" TargetX="#{mascot.environment.cursor.x+Gap}"
				Gap="${ mascot.anchor.x &lt; mascot.environment.cursor.x ?
					-Math.min( mascot.environment.cursor.x-mascot.anchor.x, Math.random()*250) :
					Math.min( mascot.anchor.x-mascot.environment.cursor.x, Math.random()*250 ) }" />
			<ActionReference Name="Pinched3" Duration="${500+Math.random()*1000}" />
		</Action>
		
		<Action Name="AnnoyingGura4" Type="Sequence" Loop="false">
			<ActionReference Name="Run" TargetX="${mascot.environment.workArea.left}" />
			<ActionReference Name="AnnoyingJump" Duration="1000" TargetX="${ mascot.anchor.x+(mascot.environment.cursor.x-mascot.anchor.x)}" TargetY="${ mascot.anchor.y+(mascot.environment.cursor.y-mascot.anchor.y)}"/>
			<ActionReference Name="AnnoyingJump" Duration="1000" TargetX="${ mascot.anchor.x+(mascot.environment.cursor.x-mascot.anchor.x)}" TargetY="${ mascot.anchor.y+(mascot.environment.cursor.y-mascot.anchor.y)}"/>
			<ActionReference Name="AnnoyingJump" Duration="1000" TargetX="${ mascot.anchor.x+(mascot.environment.cursor.x-mascot.anchor.x)}" TargetY="${ mascot.anchor.y+(mascot.environment.cursor.y-mascot.anchor.y)}"/>
			<ActionReference Name="AnnoyingJump" Duration="1000" TargetX="${ mascot.anchor.x+(mascot.environment.cursor.x-mascot.anchor.x)}" TargetY="${ mascot.anchor.y+(mascot.environment.cursor.y-mascot.anchor.y)}"/>
			<ActionReference Name="AnnoyingJump" Duration="1000" TargetX="${ mascot.anchor.x+(mascot.environment.cursor.x-mascot.anchor.x)}" TargetY="${ mascot.anchor.y+(mascot.environment.cursor.y-mascot.anchor.y)}"/>
			<ActionReference Name="AnnoyingJump" Duration="1000" TargetX="${ mascot.anchor.x+(mascot.environment.cursor.x-mascot.anchor.x)}" TargetY="${ mascot.anchor.y+(mascot.environment.cursor.y-mascot.anchor.y)}"/>
			<ActionReference Name="AnnoyingJump" Duration="1000" TargetX="${ mascot.anchor.x+(mascot.environment.cursor.x-mascot.anchor.x)}" TargetY="${ mascot.anchor.y+(mascot.environment.cursor.y-mascot.anchor.y)}"/>
			<ActionReference Name="AnnoyingJump" Duration="1000" TargetX="${ mascot.anchor.x+(mascot.environment.cursor.x-mascot.anchor.x)}" TargetY="${ mascot.anchor.y+(mascot.environment.cursor.y-mascot.anchor.y)}"/>
			<ActionReference Name="AnnoyingJump" Duration="1000" TargetX="${ mascot.anchor.x+(mascot.environment.cursor.x-mascot.anchor.x)}" TargetY="${ mascot.anchor.y+(mascot.environment.cursor.y-mascot.anchor.y)}"/>
			<ActionReference Name="AnnoyingJump" Duration="1000" TargetX="${ mascot.anchor.x+(mascot.environment.cursor.x-mascot.anchor.x)}" TargetY="${ mascot.anchor.y+(mascot.environment.cursor.y-mascot.anchor.y)}"/>
			<ActionReference Name="AnnoyingJump" Duration="1000" TargetX="${ mascot.anchor.x+(mascot.environment.cursor.x-mascot.anchor.x)}" TargetY="${ mascot.anchor.y+(mascot.environment.cursor.y-mascot.anchor.y)}"/>
			<ActionReference Name="AnnoyingJump" Duration="1000" TargetX="${ mascot.anchor.x+(mascot.environment.cursor.x-mascot.anchor.x)}" TargetY="${ mascot.anchor.y+(mascot.environment.cursor.y-mascot.anchor.y)}"/>
			<ActionReference Name="AnnoyingJump" Duration="1000" TargetX="${ mascot.anchor.x+(mascot.environment.cursor.x-mascot.anchor.x)}" TargetY="${ mascot.anchor.y+(mascot.environment.cursor.y-mascot.anchor.y)}"/>
			<ActionReference Name="AnnoyingJump" Duration="1000" TargetX="${ mascot.anchor.x+(mascot.environment.cursor.x-mascot.anchor.x)}" TargetY="${ mascot.anchor.y+(mascot.environment.cursor.y-mascot.anchor.y)}"/>
			<ActionReference Name="AnnoyingJump" Duration="1000" TargetX="${ mascot.anchor.x+(mascot.environment.cursor.x-mascot.anchor.x)}" TargetY="${ mascot.anchor.y+(mascot.environment.cursor.y-mascot.anchor.y)}"/>
			<ActionReference Name="AnnoyingJump" Duration="1000" TargetX="${ mascot.anchor.x+(mascot.environment.cursor.x-mascot.anchor.x)}" TargetY="${ mascot.anchor.y+(mascot.environment.cursor.y-mascot.anchor.y)}"/>
			<ActionReference Name="AnnoyingJump" Duration="1000" TargetX="${ mascot.anchor.x+(mascot.environment.cursor.x-mascot.anchor.x)}" TargetY="${ mascot.anchor.y+(mascot.environment.cursor.y-mascot.anchor.y)}"/>
			<ActionReference Name="AnnoyingJump" Duration="1000" TargetX="${ mascot.anchor.x+(mascot.environment.cursor.x-mascot.anchor.x)}" TargetY="${ mascot.anchor.y+(mascot.environment.cursor.y-mascot.anchor.y)}"/>
			<ActionReference Name="AnnoyingJump" Duration="1000" TargetX="${ mascot.anchor.x+(mascot.environment.cursor.x-mascot.anchor.x)}" TargetY="${ mascot.anchor.y+(mascot.environment.cursor.y-mascot.anchor.y)}"/>
			<ActionReference Name="AnnoyingJump" Duration="1000" TargetX="${ mascot.anchor.x+(mascot.environment.cursor.x-mascot.anchor.x)}" TargetY="${ mascot.anchor.y+(mascot.environment.cursor.y-mascot.anchor.y)}"/>
			<ActionReference Name="Dash" TargetX="#{mascot.environment.cursor.x+Gap}"
				Gap="${ mascot.anchor.x &lt; mascot.environment.cursor.x ?
					-Math.min( mascot.environment.cursor.x-mascot.anchor.x, Math.random()*250) :
					Math.min( mascot.anchor.x-mascot.environment.cursor.x, Math.random()*250 ) }" />
			<ActionReference Name="Pinched3" Duration="${500+Math.random()*1000}" />
		</Action>

		<Action Name="AnnoyingGura5" Type="Sequence" Loop="false">
			<ActionReference Name="AnnoyingJump" Duration="1000" TargetX="${ mascot.anchor.x+(mascot.environment.cursor.x-mascot.anchor.x)}" TargetY="${ mascot.anchor.y+(mascot.environment.cursor.y-mascot.anchor.y)}"/>
			<ActionReference Name="AnnoyingJump" Duration="1000" TargetX="${ mascot.anchor.x+(mascot.environment.cursor.x-mascot.anchor.x)}" TargetY="${ mascot.anchor.y+(mascot.environment.cursor.y-mascot.anchor.y)}"/>
			<ActionReference Name="AnnoyingJump" Duration="1000" TargetX="${ mascot.anchor.x+(mascot.environment.cursor.x-mascot.anchor.x)}" TargetY="${ mascot.anchor.y+(mascot.environment.cursor.y-mascot.anchor.y)}"/>
			<ActionReference Name="AnnoyingJump" Duration="1000" TargetX="${ mascot.anchor.x+(mascot.environment.cursor.x-mascot.anchor.x)}" TargetY="${ mascot.anchor.y+(mascot.environment.cursor.y-mascot.anchor.y)}"/>
			<ActionReference Name="AnnoyingJump" Duration="1000" TargetX="${ mascot.anchor.x+(mascot.environment.cursor.x-mascot.anchor.x)}" TargetY="${ mascot.anchor.y+(mascot.environment.cursor.y-mascot.anchor.y)}"/>
			<ActionReference Name="AnnoyingJump" Duration="1000" TargetX="${ mascot.anchor.x+(mascot.environment.cursor.x-mascot.anchor.x)}" TargetY="${ mascot.anchor.y+(mascot.environment.cursor.y-mascot.anchor.y)}"/>
			<ActionReference Name="AnnoyingJump" Duration="1000" TargetX="${ mascot.anchor.x+(mascot.environment.cursor.x-mascot.anchor.x)}" TargetY="${ mascot.anchor.y+(mascot.environment.cursor.y-mascot.anchor.y)}"/>
			<ActionReference Name="AnnoyingJump" Duration="1000" TargetX="${ mascot.anchor.x+(mascot.environment.cursor.x-mascot.anchor.x)}" TargetY="${ mascot.anchor.y+(mascot.environment.cursor.y-mascot.anchor.y)}"/>
			<ActionReference Name="AnnoyingJump" Duration="1000" TargetX="${ mascot.anchor.x+(mascot.environment.cursor.x-mascot.anchor.x)}" TargetY="${ mascot.anchor.y+(mascot.environment.cursor.y-mascot.anchor.y)}"/>
			<ActionReference Name="AnnoyingJump" Duration="1000" TargetX="${ mascot.anchor.x+(mascot.environment.cursor.x-mascot.anchor.x)}" TargetY="${ mascot.anchor.y+(mascot.environment.cursor.y-mascot.anchor.y)}"/>
			<ActionReference Name="AnnoyingJump" Duration="1000" TargetX="${ mascot.anchor.x+(mascot.environment.cursor.x-mascot.anchor.x)}" TargetY="${ mascot.anchor.y+(mascot.environment.cursor.y-mascot.anchor.y)}"/>
			<ActionReference Name="AnnoyingJump" Duration="1000" TargetX="${ mascot.anchor.x+(mascot.environment.cursor.x-mascot.anchor.x)}" TargetY="${ mascot.anchor.y+(mascot.environment.cursor.y-mascot.anchor.y)}"/>
			<ActionReference Name="AnnoyingJump" Duration="1000" TargetX="${ mascot.anchor.x+(mascot.environment.cursor.x-mascot.anchor.x)}" TargetY="${ mascot.anchor.y+(mascot.environment.cursor.y-mascot.anchor.y)}"/>
			<ActionReference Name="AnnoyingJump" Duration="1000" TargetX="${ mascot.anchor.x+(mascot.environment.cursor.x-mascot.anchor.x)}" TargetY="${ mascot.anchor.y+(mascot.environment.cursor.y-mascot.anchor.y)}"/>
			<ActionReference Name="AnnoyingJump" Duration="1000" TargetX="${ mascot.anchor.x+(mascot.environment.cursor.x-mascot.anchor.x)}" TargetY="${ mascot.anchor.y+(mascot.environment.cursor.y-mascot.anchor.y)}"/>
			<ActionReference Name="AnnoyingJump" Duration="1000" TargetX="${ mascot.anchor.x+(mascot.environment.cursor.x-mascot.anchor.x)}" TargetY="${ mascot.anchor.y+(mascot.environment.cursor.y-mascot.anchor.y)}"/>
			<ActionReference Name="AnnoyingJump" Duration="1000" TargetX="${ mascot.anchor.x+(mascot.environment.cursor.x-mascot.anchor.x)}" TargetY="${ mascot.anchor.y+(mascot.environment.cursor.y-mascot.anchor.y)}"/>
			<ActionReference Name="AnnoyingJump" Duration="1000" TargetX="${ mascot.anchor.x+(mascot.environment.cursor.x-mascot.anchor.x)}" TargetY="${ mascot.anchor.y+(mascot.environment.cursor.y-mascot.anchor.y)}"/>
			<ActionReference Name="AnnoyingJump" Duration="1000" TargetX="${ mascot.anchor.x+(mascot.environment.cursor.x-mascot.anchor.x)}" TargetY="${ mascot.anchor.y+(mascot.environment.cursor.y-mascot.anchor.y)}"/>
			<ActionReference Name="AnnoyingJump" Duration="1000" TargetX="${ mascot.anchor.x+(mascot.environment.cursor.x-mascot.anchor.x)}" TargetY="${ mascot.anchor.y+(mascot.environment.cursor.y-mascot.anchor.y)}"/>
			<ActionReference Name="AnnoyingJump" Duration="1000" TargetX="${ mascot.anchor.x+(mascot.environment.cursor.x-mascot.anchor.x)}" TargetY="${ mascot.anchor.y+(mascot.environment.cursor.y-mascot.anchor.y)}"/>
			<ActionReference Name="AnnoyingJump" Duration="1000" TargetX="${ mascot.anchor.x+(mascot.environment.cursor.x-mascot.anchor.x)}" TargetY="${ mascot.anchor.y+(mascot.environment.cursor.y-mascot.anchor.y)}"/>
			<ActionReference Name="AnnoyingJump" Duration="1000" TargetX="${ mascot.anchor.x+(mascot.environment.cursor.x-mascot.anchor.x)}" TargetY="${ mascot.anchor.y+(mascot.environment.cursor.y-mascot.anchor.y)}"/>
			<ActionReference Name="AnnoyingJump" Duration="1000" TargetX="${ mascot.anchor.x+(mascot.environment.cursor.x-mascot.anchor.x)}" TargetY="${ mascot.anchor.y+(mascot.environment.cursor.y-mascot.anchor.y)}"/>
			<ActionReference Name="AnnoyingJump" Duration="1000" TargetX="${ mascot.anchor.x+(mascot.environment.cursor.x-mascot.anchor.x)}" TargetY="${ mascot.anchor.y+(mascot.environment.cursor.y-mascot.anchor.y)}"/>
			<ActionReference Name="AnnoyingJump" Duration="1000" TargetX="${ mascot.anchor.x+(mascot.environment.cursor.x-mascot.anchor.x)}" TargetY="${ mascot.anchor.y+(mascot.environment.cursor.y-mascot.anchor.y)}"/>
			<ActionReference Name="AnnoyingJump" Duration="1000" TargetX="${ mascot.anchor.x+(mascot.environment.cursor.x-mascot.anchor.x)}" TargetY="${ mascot.anchor.y+(mascot.environment.cursor.y-mascot.anchor.y)}"/>
			<ActionReference Name="AnnoyingJump" Duration="1000" TargetX="${ mascot.anchor.x+(mascot.environment.cursor.x-mascot.anchor.x)}" TargetY="${ mascot.anchor.y+(mascot.environment.cursor.y-mascot.anchor.y)}"/>
			<ActionReference Name="AnnoyingJump" Duration="1000" TargetX="${ mascot.anchor.x+(mascot.environment.cursor.x-mascot.anchor.x)}" TargetY="${ mascot.anchor.y+(mascot.environment.cursor.y-mascot.anchor.y)}"/><ActionReference Name="AnnoyingJump" Duration="1000" TargetX="${ mascot.anchor.x+(mascot.environment.cursor.x-mascot.anchor.x)}" TargetY="${ mascot.anchor.y+(mascot.environment.cursor.y-mascot.anchor.y)}"/>
			<ActionReference Name="Dash" TargetX="#{mascot.environment.cursor.x+Gap}"
				Gap="${ mascot.anchor.x &lt; mascot.environment.cursor.x ?
					-Math.min( mascot.environment.cursor.x-mascot.anchor.x, Math.random()*250) :
					Math.min( mascot.anchor.x-mascot.environment.cursor.x, Math.random()*250 ) }" />
			<ActionReference Name="Pinched3" Duration="${500+Math.random()*1000}" />
		</Action>
		

		<Action Name="StareAtMouseGura" Type="Sequence" Loop="false">
			<ActionReference Name="SitAndLookAtMouse" Duration="${10+Math.random()*10}" />
			<ActionReference Name="Look" LookRight="${mascot.anchor.x &lt; mascot.environment.cursor.x}" />
			<ActionReference Name="SitAndLookAtMouse" Duration="${10+Math.random()*10}" />
			<ActionReference Name="Look" LookRight="${mascot.anchor.x &lt; mascot.environment.cursor.x}" />
			<ActionReference Name="SitAndLookAtMouse" Duration="${10+Math.random()*10}" />
			<ActionReference Name="Look" LookRight="${mascot.anchor.x &lt; mascot.environment.cursor.x}" />
			<ActionReference Name="SitAndLookAtMouse" Duration="${10+Math.random()*10}" />
			<ActionReference Name="Look" LookRight="${mascot.anchor.x &lt; mascot.environment.cursor.x}" />
			<ActionReference Name="SitAndLookAtMouse" Duration="${10+Math.random()*10}" />
			<ActionReference Name="Look" LookRight="${mascot.anchor.x &lt; mascot.environment.cursor.x}" />
			<ActionReference Name="SitAndLookAtMouse" Duration="${10+Math.random()*10}" />
			<ActionReference Name="Look" LookRight="${mascot.anchor.x &lt; mascot.environment.cursor.x}" />
			<ActionReference Name="SitAndLookAtMouse" Duration="${10+Math.random()*10}" />
			<ActionReference Name="Look" LookRight="${mascot.anchor.x &lt; mascot.environment.cursor.x}" />
			<ActionReference Name="SitAndLookAtMouse" Duration="${10+Math.random()*10}" />
			<ActionReference Name="Look" LookRight="${mascot.anchor.x &lt; mascot.environment.cursor.x}" />
			<ActionReference Name="SitAndLookAtMouse" Duration="${10+Math.random()*10}" />
			<ActionReference Name="Look" LookRight="${mascot.anchor.x &lt; mascot.environment.cursor.x}" />
			<ActionReference Name="SitAndLookAtMouse" Duration="${10+Math.random()*10}" />
			<ActionReference Name="Look" LookRight="${mascot.anchor.x &lt; mascot.environment.cursor.x}" />
		</Action>
		<Action Name="WaveGura" Type="Sequence" Loop="false">
			<ActionReference Name="Wave" />
		</Action>
		
		<Action Name="ChaseMouse" Type="Sequence" Loop="false">
			<Action Type="Sequence" Condition="${mascot.environment.ceiling.isOn(mascot.anchor) || mascot.environment.activeIE.bottomBorder.isOn(mascot.anchor)}">
				<ActionReference Name="Offset" Y="1" />
				<ActionReference Name="Falling"/>
				<ActionReference Name="Bouncing" />
			</Action>
			<Action Type="Sequence" Condition="${mascot.environment.workArea.leftBorder.isOn(mascot.anchor) || mascot.environment.activeIE.rightBorder.isOn(mascot.anchor)}">
				<ActionReference Name="Offset" X="1" />
				<ActionReference Name="Falling"/>
				<ActionReference Name="Bouncing" />
			</Action>
			<Action Type="Sequence" Condition="${mascot.environment.workArea.rightBorder.isOn(mascot.anchor) || mascot.environment.activeIE.leftBorder.isOn(mascot.anchor)}">
				<ActionReference Name="Offset" X="-1" />
				<ActionReference Name="Falling"/>
				<ActionReference Name="Bouncing" />
			</Action>
			<Action Type="Select">
				<ActionReference Name="DashIeCeilingLeftEdgeFromJump"
					Condition="${mascot.environment.activeIE.topBorder.isOn(mascot.anchor) &amp;&amp;
					mascot.anchor.x &lt; (mascot.environment.activeIE.left+mascot.environment.activeIE.right)/2}"/>
				<ActionReference Name="DashIeCeilingRightEdgeFromJump"
					Condition="${mascot.environment.activeIE.topBorder.isOn(mascot.anchor) &amp;&amp;
					mascot.anchor.x &gt;= (mascot.environment.activeIE.left+mascot.environment.activeIE.right)/2}" />
			</Action>
			<ActionReference Name="Dash" TargetX="${ mascot.anchor.x+(mascot.environment.cursor.x-mascot.anchor.x)*Math.random()/2 }" />
			<ActionReference Name="Tripping" Condition="${Math.random() &lt; 0.05}" />
			<ActionReference Name="Dash" TargetX="${ mascot.anchor.x+(mascot.environment.cursor.x-mascot.anchor.x)*Math.random() }" />
			<ActionReference Name="Tripping" Condition="${Math.random() &lt; 0.05}" />
			<ActionReference Name="Dash" TargetX="#{mascot.environment.cursor.x+Gap}"
				Gap="${ mascot.anchor.x &lt; mascot.environment.cursor.x ?
					-Math.min( mascot.environment.cursor.x-mascot.anchor.x, Math.random()*200) :
					Math.min( mascot.anchor.x-mascot.environment.cursor.x, Math.random()*200 ) }" />
			<ActionReference Name="Look" LookRight="${mascot.anchor.x &lt; mascot.environment.cursor.x}" />
		</Action>

		<Action Name="PullUpShimeji1" Type="Embedded" Class="com.group_finity.mascot.action.Breed"
			BornX="-32" BornY="96" BornBehavior="PullUp">
			<Animation>
				<Pose Image="/stand.png" ImageAnchor="64,128" Velocity="0,0" Duration="16" />
				<Pose Image="/clone_1.png" ImageAnchor="96,128" Velocity="0,0" Duration="4" />
				<Pose Image="/clone_2.png" ImageAnchor="96,128" Velocity="0,0" Duration="40" />
				<Pose Image="/clone_3.png" ImageAnchor="96,128" Velocity="0,0" Duration="40" />
				<Pose Image="/clone_4.png" ImageAnchor="96,128" Velocity="0,0" Duration="40" />
			</Animation>
		</Action>
		<Action Name="PullUpShimeji2" Type="Animate">
			<Animation>
				<Pose Image="/air.png" ImageAnchor="32,128" Velocity="20,-20" Duration="1" />
				<Pose Image="/air.png" ImageAnchor="32,128" Velocity="20,-10" Duration="1" />
				<Pose Image="/air.png" ImageAnchor="32,128" Velocity="20,-5" Duration="1" />
			</Animation>
		</Action>
		<Action Name="PullUpClone" Type="Sequence">
			<ActionReference Name="PullUpShimeji1" />
			<ActionReference Name="PullUpShimeji2" />
			<ActionReference Name="Falling" InitialVX="${mascot.lookRight ? -20 : 20}"/>
			<ActionReference Name="Bouncing" />
			<ActionReference Name="Sprawl" Duration="40" />
		</Action>

		<Action Name="PullUp" Type="Sequence">
			<ActionReference Name="Falling" InitialVX="${mascot.lookRight ? 10 : -10}" InitialVY="-40"/>
			<ActionReference Name="Bouncing" />
		</Action>
	</ActionList>

</Mascot>
